id,title,category,priority,status,sprint,est_tokens,actual_tokens,variance,created_at,completed_at,file
BACKLOG-001,Add ES Module Type to package.json,infra,Low,Pending,-,-,-,-,2025-12-15,,[BACKLOG-001.md](BACKLOG-001.md)
BACKLOG-002,Code-Split Large JS Bundle,infra,Medium,Pending,-,-,-,-,2025-12-15,,[BACKLOG-002.md](BACKLOG-002.md)
BACKLOG-003,Improve First-Sync Time Estimation,ui,Low,Pending,-,-,-,-,2025-12-15,,[BACKLOG-003.md](BACKLOG-003.md)
BACKLOG-004,Add Sync History/Logs Screen,ui,Low,Pending,-,-,-,-,2025-12-15,,[BACKLOG-004.md](BACKLOG-004.md)
BACKLOG-005,Implement databaseService with LLM-Ready Patterns,service,Medium,Pending,-,-,-,-,2025-12-15,,[BACKLOG-005.md](BACKLOG-005.md)
BACKLOG-006,Dark Mode (Match System Settings),ui,Medium,Deferred,-,-,-,-,2025-12-15,,[BACKLOG-006.md](BACKLOG-006.md)
BACKLOG-007,Add iPhone Sync Integration Tests,test,Medium,Pending,-,-,-,-,2025-12-15,,[BACKLOG-007.md](BACKLOG-007.md)
BACKLOG-008,Redesign New Transaction Flow,ui,High,Completed,-,-,-,-,2025-12-15,2026-01-23,[BACKLOG-008.md](BACKLOG-008.md)
BACKLOG-009,Auth Popup Close Handler,ui,High,Obsolete,-,-,-,-,2025-12-15,,[BACKLOG-009.md](BACKLOG-009.md)
BACKLOG-010,Default App Window to Full Screen,ui,Low,Pending,-,-,-,-,2025-12-15,,[BACKLOG-010.md](BACKLOG-010.md)
BACKLOG-011,Manually Add Missing Emails to Audit,ui,Medium,Completed,-,-,-,-,2025-12-15,2026-01-23,-
BACKLOG-012,Manually Add Missing Texts to Audit,ui,Medium,Completed,-,-,-,-,2025-12-15,2026-01-23,-
BACKLOG-013,Duplicate Transaction Detection,service,High,Pending,-,-,-,-,2025-12-15,,-
BACKLOG-014,Update Joyride Demo for New Users,ui,Medium,Completed,SPRINT-011,~35K,~18K,-72%,2025-12-15,2026-01-01,[BACKLOG-014.md](BACKLOG-014.md)
BACKLOG-015,Display Last Sync Time in UI,ui,Medium,Completed,-,-,-,-,2025-12-15,2026-01-23,-
BACKLOG-016,Refactor Contact Import,refactor,High,Pending,-,-,-,-,2025-12-15,,-
BACKLOG-017,Naming Convention Documentation,docs,Low,Pending,-,-,-,-,2025-12-15,,-
BACKLOG-018,Smart Contact Sync,service,High,Pending,-,-,-,-,2025-12-15,,-
BACKLOG-019,Returning User Experience,ui,Medium,Pending,-,-,-,-,2025-12-15,,-
BACKLOG-020,Device UUID Licensing,infra,High,Obsolete,-,-,-,-,2025-12-15,,-
BACKLOG-021,License Management System,infra,High,Obsolete,-,-,-,-,2025-12-15,,-
BACKLOG-022,Minimizable iPhone Sync Modal,ui,Medium,Pending,-,-,-,-,2025-12-15,,-
BACKLOG-023,Detailed Sync Progress,ui,High,Pending,-,-,-,-,2025-12-15,,-
BACKLOG-024,Auto-Start Sync on Launch,service,Medium,Pending,-,-,-,-,2025-12-15,,-
BACKLOG-025,Resume Failed Sync Prompt,ui,Medium,Pending,-,-,-,-,2025-12-15,,-
BACKLOG-026,Skip Driver Install Check,infra,High,Pending,-,-,-,-,2025-12-15,,-
BACKLOG-027,Skip Mailbox Permission,service,Medium,Pending,-,-,-,-,2025-12-15,,-
BACKLOG-028,Create App Logo & Branding,ui,Medium,Pending,-,-,-,-,2025-12-15,,-
BACKLOG-029,App Startup Performance,infra,Medium,Pending,-,-,-,-,2025-12-15,,-
BACKLOG-030,Message Parser Async Yielding,service,Critical,Completed,-,-,-,-,2025-12-15,,-
BACKLOG-031,Incremental Backup Size Estimation,service,High,Pending,-,-,-,-,2025-12-15,,-
BACKLOG-032,Handle Backup Already in Progress,service,Critical,Completed,SPRINT-014,-,-,"TASK-904, 910",2025-12-15,2026-01-02,-
BACKLOG-033,Check Supabase Terms Acceptance,service,High,Pending,-,-,-,-,2025-12-15,,-
BACKLOG-034,Phone Type Card Layout,ui,Medium,Completed,-,-,-,-,2025-12-15,2026-01-23,-
BACKLOG-035,Remove Orphaned Table,schema,Critical,Completed,SPRINT-003,20-30K,~40K,+25%,2025-12-16,2025-12-17,[BACKLOG-035.md](BACKLOG-035.md)
BACKLOG-036,Fix Sync Phase UI Text,ui,Medium,Pending,-,-,-,-,2025-12-15,,-
BACKLOG-037,Don't Fail Sync on Disconnect,service,High,Pending,-,-,-,-,2025-12-15,,-
BACKLOG-038,Schema Mismatch contacts.name,schema,Critical,Completed,SPRINT-003,40-60K,~30K,-36%,2025-12-16,2025-12-17,[BACKLOG-038.md](BACKLOG-038.md)
BACKLOG-039,Schema Mismatch transactions.status,schema,Critical,Completed,SPRINT-003,40-60K,~100K,+100%,2025-12-16,2025-12-17,[BACKLOG-039.md](BACKLOG-039.md)
BACKLOG-040,ContactsService macOS Paths,service,Medium,Deferred,-,-,-,-,2025-12-15,,-
BACKLOG-041,Create UX Engineer Agent,docs,Medium,Obsolete,-,-,-,-,2025-12-15,,-
BACKLOG-042,Lookback Period Not Persistent,service,Medium,Completed,-,-,-,-,2025-12-15,2026-01-23,-
BACKLOG-043,Settings Screen Not Scrollable,ui,Medium,Completed,-,-,-,-,2025-12-15,2026-01-23,-
BACKLOG-044,Multiple Contacts Per Role,ui,Critical,Completed,-,-,-,Backend + UI implemented,2025-12-15,2025-12-20,
BACKLOG-045,Block Contact Deletion,service,Critical,Completed,-,-,-,getTransactionsByContact + tests,2025-12-15,2025-12-20,
BACKLOG-046,DB Init Circuit Breaker,service,Medium,Pending,-,-,-,-,2025-12-15,,-
BACKLOG-047,Contact Deletion Query Fix,service,Medium,Pending,-,-,-,-,2025-12-15,,-
BACKLOG-048,Transaction Edit Preserve Tab,ui,Medium,Completed,-,-,-,-,2025-12-15,2026-01-23,-
BACKLOG-049,Communications Tab,ui,Medium,Pending,-,-,-,-,2025-12-15,,-
BACKLOG-050,Attachments Tab,ui,Medium,Completed,SPRINT-010,-,-,Addressed by TASK-706,2025-12-15,,
BACKLOG-051,Delete Comms/Attachments,service,Medium,Pending,-,-,-,-,2025-12-15,,-
BACKLOG-052,AI Transaction Timeline,ui,Medium,Pending,-,-,-,-,2025-12-15,,-
BACKLOG-053,Manually Add Communications,ui,Medium,Pending,-,-,-,-,2025-12-15,,-
BACKLOG-054,Render Email HTML,ui,Medium,Completed,SPRINT-010,~35K-55K,-,Addressed by TASK-701,2025-12-15,,
BACKLOG-055,AI House Viewing Extraction,service,Medium,Pending,-,-,-,-,2025-12-15,,-
BACKLOG-056,macOS Code Signing Fix,infra,High,Obsolete,-,-,-,-,2025-12-15,,-
BACKLOG-057,Login Auth Timeout Retry,service,Medium,Pending,-,-,-,-,2025-12-15,,-
BACKLOG-058,Split databaseService.ts,refactor,Critical,Completed,SPRINT-002,200-300K,~135K,-54%,2025-12-15,2025-12-16,[BACKLOG-058.md](BACKLOG-058.md)
BACKLOG-059,Fix Skipped Tests (27+),test,Critical,Completed,SPRINT-002,48-72K,~65K,-7%,2025-12-15,2025-12-16,[BACKLOG-059.md](BACKLOG-059.md)
BACKLOG-060,Fix N+1 Query Pattern,refactor,High,Completed,SPRINT-002,40-60K,~55K,+12%,2025-12-15,2025-12-16,[BACKLOG-060.md](BACKLOG-060.md)
BACKLOG-061,Refactor Transactions.tsx,refactor,High,Completed,SPRINT-009,-,-,Addressed by TASK-605,2025-12-15,2025-12-27,
BACKLOG-062,Refactor Contacts.tsx,refactor,High,Completed,SPRINT-009,-,-,Addressed by TASK-606,2025-12-15,2025-12-27,
BACKLOG-063,Refactor useAppStateMachine.ts,refactor,High,Completed,SPRINT-009,-,-,Tests added by TASK-614,2025-12-15,2025-12-27,
BACKLOG-064,Add Batch DB Operations,service,Medium,Pending,-,-,-,-,2025-12-15,,-
BACKLOG-065,Remove Console Statements,refactor,Medium,Completed,SPRINT-009,-,-,Addressed by TASK-616,2025-12-15,2025-12-27,
BACKLOG-066,LLM Transaction Detection,service,High,Obsolete,-,-,-,Covered by AI MVP (BACKLOG-073-079),2025-12-15,,
BACKLOG-067,AI Timeline Builder,service,High,Pending,-,-,-,-,2025-12-15,,-
BACKLOG-068,Contact Deduplication,service,Medium,Pending,-,-,-,-,2025-12-15,,-
BACKLOG-069,Telemetry & Analytics,infra,Low,Deferred,-,-,-,-,2025-12-15,,-
BACKLOG-070,Enterprise User Management,infra,Low,Deferred,-,-,-,-,2025-12-15,,-
BACKLOG-071,Atomic Transaction Creation,service,Low,Pending,-,-,-,-,2025-12-15,,-
BACKLOG-072,Enforce Engineer Workflow Compliance,config,Critical,Completed,SPRINT-003,90-140K,~52K,-62%,2025-12-16,2025-12-17,[BACKLOG-072.md](BACKLOG-072.md)
BACKLOG-073,AI MVP Phase 0 - Schema Foundation,schema,Critical,Completed,SPRINT-004,~50K,-,[BACKLOG-073.md](BACKLOG-073.md),2025-12-16,2025-12-17,
BACKLOG-074,AI MVP Phase 1 - LLM Infrastructure,service,Critical,Completed,SPRINT-004,~70K,-,[BACKLOG-074.md](BACKLOG-074.md),2025-12-16,2025-12-17,
BACKLOG-075,AI MVP Phase 2 - AI Analysis Tools,service,High,Completed,SPRINT-005,~70K,-,[BACKLOG-075.md](BACKLOG-075.md),2025-12-16,,
BACKLOG-076,AI MVP Phase 3 - Hybrid Pipeline,service,High,Completed,SPRINT-005,~85K,-,[BACKLOG-076.md](BACKLOG-076.md),2025-12-16,,
BACKLOG-077,AI MVP Phase 4 - Feedback Loop,service,Medium,Completed,SPRINT-006,~25K,-,[BACKLOG-077.md](BACKLOG-077.md),2025-12-16,,
BACKLOG-078,AI MVP Phase 5 - UI Enhancements,ui,Medium,Completed,SPRINT-006,~40K,-,[BACKLOG-078.md](BACKLOG-078.md),2025-12-16,,
BACKLOG-079,AI MVP Phase 6 - Integration Testing,test,Medium,Completed,SPRINT-006,~40K,-,[BACKLOG-079.md](BACKLOG-079.md),2025-12-16,,
BACKLOG-081,Consolidate AI Consent into T&C,feature,Medium,Pending,-,-,-,[BACKLOG-081.md](BACKLOG-081.md),2025-12-20,,
BACKLOG-082,Consolidate Database Connection Systems,feature,Medium,Pending,-,-,-,-,2026-01-23,,[BACKLOG-082.md](items/BACKLOG-082.md)
BACKLOG-083,Fix schema_version Migration Warning,feature,Medium,Pending,-,-,-,-,2026-01-23,,[BACKLOG-083.md](items/BACKLOG-083.md)
BACKLOG-084,Thread-Based Transaction Detection,service,High,Completed,SPRINT-007,-,-,[BACKLOG-084.md](BACKLOG-084.md),2025-12-20,,
BACKLOG-085,Test Thread-Based Detection Accuracy,test,High,Completed,SPRINT-007,-,-,[BACKLOG-085.md](BACKLOG-085.md),2025-12-20,,
BACKLOG-086,Local ML Model with Hybrid Training,service,Medium,Pending,-,-,-,[BACKLOG-086.md](BACKLOG-086.md),2025-12-20,,
BACKLOG-087,Onboarding Value Proposition Screen,ui,Medium,Pending,-,-,-,[BACKLOG-087.md](BACKLOG-087.md),2025-12-20,,
BACKLOG-088,Per-User Local ML Model,service,High,Pending,-,-,-,[BACKLOG-088.md](BACKLOG-088.md),2025-12-20,,
BACKLOG-089,Password Manager Support in Authentication,ui,Medium,Pending,-,-,-,[BACKLOG-089.md](BACKLOG-089.md),2025-12-23,,
BACKLOG-090,Incremental Sync - Only Process New Data,service,High,Completed,SPRINT-014,-,-,"TASK-906, 907, 908, 911",2025-12-23,2026-01-02,[BACKLOG-090.md](BACKLOG-090.md)
BACKLOG-091,Prevent Duplicate Emails Across Providers,service,High,Completed,SPRINT-014/015,-,-,"Phase 1 (TASK-905, 909), Phase 2 (TASK-917, 918, 919)",2025-12-23,,[BACKLOG-091.md](BACKLOG-091.md)
BACKLOG-092,Rename transactionDetailsModule,refactor,Low,Pending,-,~10K,-,[BACKLOG-092.md](BACKLOG-092.md),2025-12-27,,
BACKLOG-093,Create common/ Module,refactor,Medium,Pending,-,~15K,-,[BACKLOG-093.md](BACKLOG-093.md),2025-12-27,,
BACKLOG-094,Create llm/ Module,refactor,Medium,Pending,-,~10K,-,[BACKLOG-094.md](BACKLOG-094.md),2025-12-27,,
BACKLOG-095,Create email/ Module,refactor,Medium,Pending,-,~20K,-,[BACKLOG-095.md](BACKLOG-095.md),2025-12-27,,
BACKLOG-096,Create system/ Module,refactor,Medium,Pending,-,~20K,-,[BACKLOG-096.md](BACKLOG-096.md),2025-12-27,,
BACKLOG-097,Relocate Root-Level Test Files,refactor,Medium,Pending,-,~30K,-,[BACKLOG-097.md](BACKLOG-097.md),2025-12-27,,
BACKLOG-098,Split AuditTransactionModal.tsx,refactor,High,Pending,-,~30K,-,[BACKLOG-098.md](BACKLOG-098.md),2025-12-27,,
BACKLOG-099,Split EmailOnboardingScreen.tsx,refactor,High,Pending,-,~35K,-,[BACKLOG-099.md](BACKLOG-099.md),2025-12-27,,
BACKLOG-100,Create auth/ Module,refactor,Medium,Pending,-,~15K,-,[BACKLOG-100.md](BACKLOG-100.md),2025-12-27,,
BACKLOG-101,Split PermissionsScreen.tsx,refactor,Medium,Pending,-,~22K,-,[BACKLOG-101.md](BACKLOG-101.md),2025-12-27,,
BACKLOG-102,Security Hardening Evaluation,security,Medium,Pending,-,~30K,-,[BACKLOG-102.md](BACKLOG-102.md),2025-12-27,,
BACKLOG-103,Fix Contact Selection Issue,fix,High,Completed,SPRINT-010,~25K-40K,-,Addressed by TASK-700,2025-12-28,,
BACKLOG-104,Dashboard UI to Emphasize Auto-Detection,ui,Medium,Completed,SPRINT-010,~35K-50K,-,Addressed by TASK-705,2025-12-28,,
BACKLOG-105,Text Messages Tab in Transaction Details,ui,High,Completed,SPRINT-010,~80K-120K,-,Addressed by TASK-702/703/704,2025-12-28,,
BACKLOG-106,Add Behavioral Tests for useAppStateMachine,feature,Medium,Pending,-,-,-,-,2026-01-23,,[BACKLOG-106.md](items/BACKLOG-106.md)
BACKLOG-107,Split useAppStateMachine.ts into Flow Hooks,refactor,Critical,Completed,SPRINT-013,~100K,~36K,-55%,2025-12-28,2026-01-01,[BACKLOG-107.md](BACKLOG-107.md)
BACKLOG-108,Fix Flaky appleDriverService Test,test,Critical,Completed,SPRINT-011,~10K,~19K,-67%,2025-12-28,2026-01-01,[BACKLOG-108.md](BACKLOG-108.md)
BACKLOG-109,Reduce AppRouter.tsx to <300 Lines,refactor,High,Completed,SPRINT-013,~20K,~12K,-83%,2025-12-28,2026-01-01,[BACKLOG-109.md](BACKLOG-109.md)
BACKLOG-110,Reduce AppShell.tsx to <150 Lines,refactor,High,Completed,SPRINT-013,~15K,~8K,-43%,2025-12-28,2026-01-01,[BACKLOG-110.md](BACKLOG-110.md)
BACKLOG-111,Migrate Components to Service Abstractions,refactor,High,Pending,-,~150K,-,[BACKLOG-111.md](BACKLOG-111.md),2025-12-28,,
BACKLOG-112,Boost Test Coverage for src/hooks/,test,Medium,Pending,-,~150K,-,[BACKLOG-112.md](BACKLOG-112.md),2025-12-28,,
BACKLOG-113,Boost Test Coverage for src/utils/,test,Medium,Pending,-,~80K,-,[BACKLOG-113.md](BACKLOG-113.md),2025-12-28,,
BACKLOG-114,Boost Test Coverage for electron/utils/,test,Medium,Pending,-,~80K,-,[BACKLOG-114.md](BACKLOG-114.md),2025-12-28,,
BACKLOG-115,Address Remaining any Types in Electron Handlers,refactor,Medium,Pending,-,~150K,-,[BACKLOG-115.md](BACKLOG-115.md),2025-12-28,,
BACKLOG-116,Bring Google Login to Feature Parity with Microsoft,service,Medium,Pending,-,~60K,-,[BACKLOG-116.md](BACKLOG-116.md),2025-12-28,,
BACKLOG-117,Fix Sprint 009 Auth Regressions (Preload Sandbox + Google Login),fix,Critical,Completed,-,~20K,~13K,-70%,2025-12-28,,[BACKLOG-117.md](BACKLOG-117.md)
BACKLOG-118,Fix OnboardingFlow React Hooks Order Bug,fix,High,Completed,-,~10K,~8K,-50%,2025-12-28,,[BACKLOG-118.md](BACKLOG-118.md)
BACKLOG-119,Audit OAuth Handler Parity (Google/Microsoft),refactor,Low,Pending,-,~50K,-,-,2025-12-28,,[BACKLOG-119.md](BACKLOG-119.md)
BACKLOG-120,CI Testing Infrastructure Gaps,infra,Medium,Pending,-,~80K,-,-,2025-12-29,,[BACKLOG-120.md](BACKLOG-120.md)
BACKLOG-121,Add Generator Approach Guidance for Large Fixtures,docs,High,Completed,SPRINT-015,~10K,~800K-1.1M,~100x,2026-01-01,2026-01-02,[BACKLOG-121.md](BACKLOG-121.md)
BACKLOG-122,Improve Engineer Agent Worktree Instructions,docs,Medium,Completed,-,~10K,~8K,-50%,2026-01-01,,[BACKLOG-122.md](BACKLOG-122.md)
BACKLOG-123,Update Test Category Estimation Multiplier,docs,Low,Pending,-,~5K,-,-,2026-01-01,,[BACKLOG-123.md](BACKLOG-123.md)
BACKLOG-124,Add Sprint Completion Checklist to PM Workflow,docs,Medium,Completed,SPRINT-012,~10K,-,"TASK-805, PR #262",2026-01-01,2026-01-01,[BACKLOG-124.md](BACKLOG-124.md)
BACKLOG-125,Enforce Metrics Collection for All Sprints,docs,Low,Pending,-,~8K,-,-,2026-01-01,,[BACKLOG-125.md](BACKLOG-125.md)
BACKLOG-126,Enforce Debugging Metrics with Commit Verification,docs,High,Completed,SPRINT-012,~20K,-,"TASK-806, PR #262",2026-01-01,2026-01-01,[BACKLOG-126.md](BACKLOG-126.md)
BACKLOG-127,Add Sprint Capacity Limits to PM Workflow,docs,Medium,Completed,SPRINT-012,~6K,-,"TASK-807, PR #262",2026-01-01,2026-01-01,[BACKLOG-127.md](BACKLOG-127.md)
BACKLOG-128,Add Type Verification Checklist for Fixture Tasks,docs,Medium,Completed,SPRINT-012,~6K,-,"TASK-808, PR #262",2026-01-01,2026-01-01,[BACKLOG-128.md](BACKLOG-128.md)
BACKLOG-129,Create CI Troubleshooting Documentation,docs,Medium,Completed,SPRINT-012,~10K,-,"TASK-809, PR #262",2026-01-01,2026-01-01,[BACKLOG-129.md](BACKLOG-129.md)
BACKLOG-130,Sub-Agent Permission Auto-Denial Incident,docs,High,Completed,SPRINT-012,~8K,-,"TASK-810, PR #262",2026-01-01,2026-01-01,[BACKLOG-130.md](BACKLOG-130.md)
BACKLOG-131,Fix PR Metrics Validation Shell Escaping Bug,feature,Medium,Pending,-,-,-,-,2026-01-23,,[BACKLOG-131.md](items/BACKLOG-131.md)
BACKLOG-132,Mandatory Worktree for Parallel/Background Agents,docs,Critical,Completed,SPRINT-015,~5K,~23K,+360%,2026-01-02,2026-01-02,[BACKLOG-132.md](BACKLOG-132.md)
BACKLOG-133,Engineer Token Cap with Early Reporting,docs,High,Completed,SPRINT-015,~10K,~800K-1.1M,~100x,2026-01-02,2026-01-02,TASK-914
BACKLOG-134,Engineer Token Optimization,feature,Medium,Pending,-,-,-,-,2026-01-23,,[BACKLOG-134.md](items/BACKLOG-134.md)
BACKLOG-135,Fix window.d.ts Type Definitions,refactor,Medium,Completed,SPRINT-015,~10K,~10K,0%,2026-01-02,2026-01-02,TASK-916
BACKLOG-136,PM Token Monitoring Workflow,docs,High,Completed,SPRINT-015,~5K,~5K,-50%,2026-01-02,2026-01-02,Hotfix during SPRINT-015
BACKLOG-137,Automatic Token Tracking Tooling,infra,High,Completed,-,~40K,~34K,-56%,2026-01-02,2026-01-03,[BACKLOG-137.md](BACKLOG-137.md)
BACKLOG-138,Turns/Self-Reported Metrics Cleanup,docs,Medium,Completed,-,~75K,-,PR #282,2026-01-03,2026-01-03,[BACKLOG-138.md](BACKLOG-138.md)
BACKLOG-139,Comprehensive Database Initialization Gate,service,Critical,Completed,SPRINT-019,~40K,~889K,+2122%,2026-01-03,2026-01-03,[BACKLOG-139.md](BACKLOG-139.md)
BACKLOG-140,Duplicate Transaction Re-Import Prevention,service,High,Completed,SPRINT-023,~30K,-,"TASK-964, PR #317",2026-01-03,2026-01-03,[BACKLOG-140.md](BACKLOG-140.md)
BACKLOG-141,Fix Onboarding Flicker for Returning Users (Quick Fix),ui,Medium,Pending,-,~10K,-,-,2026-01-03,,[BACKLOG-141.md](BACKLOG-141.md)
BACKLOG-142,State Coordination Layer Overhaul,architecture,Critical,Completed,SPRINT-020/021/022,~850K,-,Multi-phase,2026-01-03,,[BACKLOG-142.md](BACKLOG-142.md)
BACKLOG-143,Prevent Duplicate Contact Imports,feature,Medium,Pending,SPRINT-055a,~40K,-,-,2026-01-04,,[BACKLOG-143.md](BACKLOG-143.md)
BACKLOG-144,Enforce SR Engineer Review Before PR Merge,feature,Medium,Pending,-,-,-,-,2026-01-23,,[BACKLOG-144.md](items/BACKLOG-144.md)
BACKLOG-145,Duplicate Contact Keys in ImportContactsModal,feature,Medium,Pending,SPRINT-055a,~10K,-,-,2026-01-23,,[BACKLOG-145.md](items/BACKLOG-145.md)
BACKLOG-146,Prevent Stuck Jest Worker Processes from Agent Runs,feature,Medium,Pending,-,-,-,-,2026-01-23,,[BACKLOG-146.md](items/BACKLOG-146.md)
BACKLOG-147,Secure Storage Setup Should Not Show for Returning Users,feature,Medium,Pending,-,-,-,-,2026-01-23,,[BACKLOG-147.md](items/BACKLOG-147.md)
BACKLOG-148,Split databaseService.ts into Domain Services,refactor,High,Completed,SPRINT-023,~60K,-,"TASK-961, PR #315",2026-01-04,2026-01-04,[BACKLOG-148.md](BACKLOG-148.md)
BACKLOG-149,Delete Deprecated EmailOnboardingScreen.tsx,refactor,Medium,Completed,SPRINT-023,~15K,-,"TASK-960, PR #314",2026-01-04,2026-01-04,[BACKLOG-149.md](BACKLOG-149.md)
BACKLOG-150,Reduce useAppStateMachine.ts Return Object,refactor,Low,Completed,SPRINT-028,~10K,-,"TASK-1006, PR #367",2026-01-04,2026-01-10,[BACKLOG-150.md](BACKLOG-150.md)
BACKLOG-151,Reduce AppModals.tsx Below 150-Line Trigger,refactor,Low,Pending,-,~5K,-,-,2026-01-04,,[BACKLOG-151.md](BACKLOG-151.md)
BACKLOG-152,Split TransactionDetails.tsx into Tab Components,refactor,Medium,Completed,SPRINT-023,~25K,-,-,2026-01-04,,[BACKLOG-152.md](BACKLOG-152.md)
BACKLOG-153,State Machine Email Connection Gap,feature,Medium,Pending,-,-,-,-,2026-01-23,,[BACKLOG-153.md](items/BACKLOG-153.md)
BACKLOG-154,Enforce Branch Protection for All Work,feature,Medium,Pending,-,-,-,-,2026-01-23,,[BACKLOG-154.md](items/BACKLOG-154.md)
BACKLOG-155,Dashboard Unnecessary Vertical Scroll,ui,Low,Completed,SPRINT-028,~10K,-,"TASK-1004, PR #365",2026-01-04,2026-01-10,[BACKLOG-155.md](BACKLOG-155.md)
BACKLOG-156,Auto-Refresh Data Sources on App Load,feature,High,Completed,SPRINT-028,~40K,-,"TASK-1003, PR #369",2026-01-04,2026-01-10,[BACKLOG-156.md](BACKLOG-156.md)
BACKLOG-157,Fix Failing Auth Handler Integration Test,test,High,Obsolete,-,~15K,-,-,2026-01-04,,[BACKLOG-157.md](BACKLOG-157.md)
BACKLOG-158,Decompose AuditTransactionModal Component,refactor,Medium,Obsolete,-,~60K,-,-,2026-01-04,,[BACKLOG-158.md](BACKLOG-158.md)
BACKLOG-159,Delete Deprecated PermissionsScreen.tsx,refactor,Medium,Obsolete,-,~10K,-,-,2026-01-04,,[BACKLOG-159.md](BACKLOG-159.md)
BACKLOG-160,Consolidate last_exported_at/on Column Naming,refactor,Low,Pending,-,~5K,-,-,2026-01-17,,-
BACKLOG-161,Agent Anti-Loop Enforcement (Exploration + Verification),infra,Critical,Pending,-,-,-,-,2026-01-23,,[BACKLOG-161.md](items/BACKLOG-161.md)
BACKLOG-162,Fix CI Validate PR Metrics Bash Escaping,infra,Medium,Pending,-,-,-,-,2026-01-23,,[BACKLOG-162.md](items/BACKLOG-162.md)
BACKLOG-163,Edit Active Transactions,ui,Medium,Pending,SPRINT-026,-,-,-,2026-01-23,,[BACKLOG-163.md](items/BACKLOG-163.md)
BACKLOG-164,"Rename ""Bulk Edit"" to ""Edit"" in Transaction List",ui,Low,Pending,-,-,-,-,2026-01-23,,[BACKLOG-164.md](items/BACKLOG-164.md)
BACKLOG-165,Duplicate Contacts in Import Contacts Page,ui,Medium,Pending,SPRINT-055a,~20K,-,-,2026-01-05,,[BACKLOG-165.md](BACKLOG-165.md)
BACKLOG-166,"Platform Detection Returns ""unknown"" in Renderer",service,Medium,Pending,-,~15K,-,-,2026-01-05,,[BACKLOG-166.md](BACKLOG-166.md)
BACKLOG-167,Restrict Status Options for Manual Transactions,feature,Low,Completed,-,~15K,-,Already implemented in BulkActionBar.tsx,2026-01-05,2026-01-22,[BACKLOG-167.md](BACKLOG-167.md)
BACKLOG-168,Transaction Bulk Edit Multi-Select Modal,ui,Medium,Pending,-,~20K,-,-,2026-01-05,,[BACKLOG-168.md](BACKLOG-168.md)
BACKLOG-169,Show in Folder Button for Exports,ui,Medium,Completed,SPRINT-028,~15K,-,"TASK-1008, PR #366",2026-01-05,2026-01-10,[BACKLOG-169.md](BACKLOG-169.md)
BACKLOG-170,Messages Not Loading in Attach Modal,fix,Critical,Deferred,-,~5K,-,-,2026-01-05,,[BACKLOG-170.md](BACKLOG-170.md)
BACKLOG-171,Contacts Not Pre-Populated When Editing Transaction,fix,High,Obsolete,-,~25K,-,Superseded by BACKLOG-210,2026-01-05,,[BACKLOG-171.md](items/BACKLOG-171.md)
BACKLOG-172,macOS Messages Import,feature,High,Completed,-,~25K,-,-,2026-01-05,2026-01-23,[BACKLOG-172.md](items/BACKLOG-172.md)
BACKLOG-173,Contact-First AttachMessagesModal Interface,ui,High,Completed,-,~40K,-,"TASK-989, PR #353",2026-01-05,2026-01-09,[BACKLOG-173.md](BACKLOG-173.md)
BACKLOG-174,"Redesign ""Start New Audit"" Flow",ui,High,Obsolete,-,~30K,-,-,2026-01-05,,[BACKLOG-174.md](BACKLOG-174.md)
BACKLOG-175,Missing Recent Messages in AttachMessagesModal,fix,High,Pending,-,-,-,-,2026-01-23,,[BACKLOG-175.md](items/BACKLOG-175.md)
BACKLOG-176,Show New Messages Count Instead of Total During Import,ui,Medium,Pending,-,-,-,-,2026-01-23,,[BACKLOG-176.md](items/BACKLOG-176.md)
BACKLOG-177,Clean Up Dashboard Import Status Display,ui,Medium,Pending,-,-,-,-,2026-01-23,,[BACKLOG-177.md](items/BACKLOG-177.md)
BACKLOG-178,Auto-Linked Messages Display in Transaction Details,feature,High,Completed,SPRINT-027,~20K,-,"TASK-990, PR #358",2026-01-09,2026-01-10,-
BACKLOG-179,Manual Thread Attach/Unlink in Messages Tab,feature,High,Completed,SPRINT-027,~30K,-,"TASK-991, PR #359",2026-01-09,2026-01-10,-
BACKLOG-180,Message Bubble Direction Fix,ui,Medium,Completed,SPRINT-027,~10K,-,"TASK-992, PR #356",2026-01-09,2026-01-10,-
BACKLOG-181,Streamline Terms and Conditions Onboarding Step,ui,Medium,Completed,SPRINT-028,~15K,-,"TASK-1009, PR #368",2026-01-10,2026-01-10,[BACKLOG-181.md](BACKLOG-181.md)
BACKLOG-182,getCurrentUser() Returns False After Login,service,High,Completed,SPRINT-027,~8K,-,direct commit,2026-01-10,2026-01-10,[BACKLOG-182.md](BACKLOG-182.md)
BACKLOG-183,Mixed UI During Import - Instructions With Progress,ui,Medium,Completed,SPRINT-027,~5K,-,direct commit,2026-01-10,2026-01-10,[BACKLOG-183.md](BACKLOG-183.md)
BACKLOG-184,Contacts Import Failing (1000 Limit),service,High,Completed,SPRINT-027,~2K,-,direct commit,2026-01-10,2026-01-10,[BACKLOG-184.md](BACKLOG-184.md)
BACKLOG-185,Import Stuck at 100% on Progress Bar,ui,Medium,Completed,SPRINT-027,~3K,-,direct commit,2026-01-10,2026-01-10,[BACKLOG-185.md](BACKLOG-185.md)
BACKLOG-186,Continue Button Not Working After Import,ui,Critical,Completed,SPRINT-027,~5K,-,direct commit,2026-01-10,2026-01-10,[BACKLOG-186.md](BACKLOG-186.md)
BACKLOG-187,Display Attachments (Images/GIFs) in Text Messages,ui,Medium,Pending,-,~50K,-,-,2026-01-10,,[BACKLOG-187.md](BACKLOG-187.md)
BACKLOG-188,Scan Lookback Period Setting Not Persisting,service,Medium,Pending,-,~15K,-,-,2026-01-10,,[BACKLOG-188.md](BACKLOG-188.md)
BACKLOG-189,Configurable Attachment Size Limit,feature,Low,Pending,-,~15K,-,-,2026-01-10,,[BACKLOG-189.md](BACKLOG-189.md)
BACKLOG-190,Transaction Date Range for Message Linking,service,Critical,Pending,-,~20K,-,-,2026-01-10,,[BACKLOG-190.md](BACKLOG-190.md)
BACKLOG-191,Add Test Coverage for Core Service Layer,test,Critical,Obsolete,-,~115K,-,-,2026-01-11,,[BACKLOG-191.md](BACKLOG-191.md)
BACKLOG-192,Clean Up Console Statements (186 Remaining),refactor,Medium,Pending,-,~30K,-,-,2026-01-11,,[BACKLOG-192.md](BACKLOG-192.md)
BACKLOG-193,"Refactor databaseService.ts (1,223 Lines)",refactor,High,Pending,-,~80K,-,-,2026-01-11,,[BACKLOG-193.md](BACKLOG-193.md)
BACKLOG-194,Add Test Coverage for Contexts,test,Medium,Pending,-,~40K,-,-,2026-01-11,,[BACKLOG-194.md](BACKLOG-194.md)
BACKLOG-195,Add Test Coverage for Large Hooks,test,Medium,Pending,-,~50K,-,-,2026-01-11,,[BACKLOG-195.md](BACKLOG-195.md)
BACKLOG-196,Implement or Remove Settings.tsx TODOs,ui,Low,Pending,-,~20K,-,-,2026-01-11,,[BACKLOG-196.md](BACKLOG-196.md)
BACKLOG-197,Enable Stricter TypeScript Rules,config,Low,Pending,-,~25K,-,-,2026-01-11,,[BACKLOG-197.md](BACKLOG-197.md)
BACKLOG-198,Decompose Large Component Files,refactor,Low,Pending,-,~60K,-,-,2026-01-11,,[BACKLOG-198.md](BACKLOG-198.md)
BACKLOG-199,TypeScript Global Window Type Updates Not Recognized,feature,Medium,Pending,-,-,-,-,2026-01-23,,[BACKLOG-199.md](items/BACKLOG-199.md)
BACKLOG-200,Contacts import fails with email validation error,fix,Medium,Pending,-,~25K,-,-,2026-01-11,,[BACKLOG-200.md](BACKLOG-200.md)
BACKLOG-201,"""00"" prefix appearing before iMessage text",fix,Medium,Completed,-,~5K,~180K,+3500%,2026-01-11,,[BACKLOG-201.md](BACKLOG-201.md)
BACKLOG-202,Fix Test Regressions (contact-handlers/databaseService),test,Critical,Completed,SPRINT-037,~20K,-,[BACKLOG-202.md](BACKLOG-202.md),2026-01-11,,
BACKLOG-203,Add Comprehensive Tests for macOSMessagesImportService,test,High,Obsolete,-,~40K,-,-,2026-01-11,,[BACKLOG-203.md](BACKLOG-203.md)
BACKLOG-204,Abstract window.api Calls into Service Layer,refactor,Medium,Pending,-,~80K,-,-,2026-01-11,,[BACKLOG-204.md](BACKLOG-204.md)
BACKLOG-205,Fix Flaky useAutoRefresh Timer Tests,test,Low,Pending,-,~15K,-,-,2026-01-11,,[BACKLOG-205.md](BACKLOG-205.md)
BACKLOG-206,UI Freezing During iMessage Sync/Import,performance,High,Pending,SPRINT-033,~30K,-,[BACKLOG-206.md](BACKLOG-206.md),2026-01-11,,
BACKLOG-207,Auto-Link Communications When Contact Added,feature,High,Completed,SPRINT-045,~40K,~20K,-50%,2026-01-11,2026-01-19,PR #475
BACKLOG-208,Separate Email/Text Counts on Transaction Cards,ui,Medium,Completed,SPRINT-033,~20K,-,[BACKLOG-208.md](BACKLOG-208.md),2026-01-11,,
BACKLOG-209,Fix iMessage Text Encoding Corruption (Data Loss),fix,Critical,Completed,SPRINT-033,~60K,-,[BACKLOG-209.md](BACKLOG-209.md),2026-01-11,,
BACKLOG-210,Contacts Not Pre-Populating in Edit Transaction,fix,High,Completed,SPRINT-033,~20K,-,[BACKLOG-210.md](BACKLOG-210.md),2026-01-12,,
BACKLOG-211,Email Onboarding State Mismatch,fix,High,Completed,SPRINT-049,~35K,~184K,[BACKLOG-211.md](BACKLOG-211.md),2026-01-13,,
BACKLOG-212,Settings Popup Not Scrollable,fix,Critical,Completed,SPRINT-034,~40K,~219K,[BACKLOG-212.md](BACKLOG-212.md),2026-01-13,,
BACKLOG-213,Recurring Check Permissions Screen Bug,fix,Critical,Completed,-,~15K,-,[BACKLOG-213.md](BACKLOG-213.md),2026-01-13,,
BACKLOG-214,Auto-Link Communications Not Working (TASK-1031 Regression),fix,High,Completed,SPRINT-034,~30K,~463K,[BACKLOG-214.md](BACKLOG-214.md),2026-01-13,,
BACKLOG-215,Encoding Corruption in Group Chats (Binary Plist Fix),fix,High,Completed,SPRINT-034,~50K,~432K,[BACKLOG-215.md](BACKLOG-215.md),2026-01-13,,
BACKLOG-216,Edit Contacts Still Not Pre-Populating (TASK-1030 Regression),fix,High,Completed,SPRINT-034,~25K,~386K,[BACKLOG-216.md](BACKLOG-216.md),2026-01-13,,
BACKLOG-217,UX Improvement - Edit Contacts Button Flow,ui,High,Completed,SPRINT-034,~40K,~156K,[BACKLOG-217.md](BACKLOG-217.md),2026-01-13,,
BACKLOG-218,Group Chat Display in Transaction Details (Placeholder),ui,High,Blocked,-,~30K,-,Pending user requirements,2026-01-13,,[BACKLOG-218.md](BACKLOG-218.md)
BACKLOG-219,Audit Debug/Logging Calls Across Repository,refactor,Low,Pending,-,~20K,-,-,2026-01-13,,[BACKLOG-219.md](BACKLOG-219.md)
BACKLOG-220,Unlink Communications UI Not Refreshing,fix,High,Completed,SPRINT-049,~25K,~35K,+40%,2026-01-13,,PR #462
BACKLOG-221,iMessage Attachments Not Displaying (Stale message_id),fix,High,Completed,SPRINT-044,~40K,~25K,-37%,2026-01-13,2026-01-18,PR #471
BACKLOG-222,Contact Changes Not Saving When Editing Transaction,fix,High,Completed,SPRINT-049,~30K,-,-,2026-01-13,2026-01-22,[BACKLOG-222.md](BACKLOG-222.md)
BACKLOG-223,Add Text Message Status Indicator (Like Email Status),ui,Medium,Pending,-,~25K,-,-,2026-01-13,,[BACKLOG-223.md](BACKLOG-223.md)
BACKLOG-224,Apply Edit Contacts Pattern to Transaction Details,ui,Low,Pending,-,~20K,-,-,2026-01-13,,[BACKLOG-224.md](BACKLOG-224.md)
BACKLOG-225,Video Attachment Support for iMessage Import,feature,Low,Pending,-,~40K,-,-,2026-01-13,,[BACKLOG-225.md](BACKLOG-225.md)
BACKLOG-226,URL Preview Formatting in Messages,ui,Low,Pending,-,~35K,-,-,2026-01-13,,[BACKLOG-226.md](BACKLOG-226.md)
BACKLOG-227,Show iMessage Attachments in Attachments Tab,ui,Medium,Pending,-,~30K,-,-,2026-01-14,,[BACKLOG-227.md](BACKLOG-227.md)
BACKLOG-228,UI Freeze When Viewing Messages to Attach,performance,High,Pending,SPRINT-049,~25K,-,Related to BACKLOG-173 regression,2026-01-14,,[BACKLOG-228.md](BACKLOG-228.md)
BACKLOG-229,Binary Plist Text Still Showing as Garbage (CRITICAL),fix,Critical,Completed,SPRINT-036,~40K,~30K,-25%,2026-01-14,2026-01-14,PR #431 (TASK-1071)
BACKLOG-230,NULL thread_id Investigation and Fix,fix,Medium,Completed,-,~20K,-,"Analysis complete; macOS orphans, not parser issue",2026-01-17,,[BACKLOG-230-null-thread-id-investigation.md](BACKLOG-230-null-thread-id-investigation.md)
BACKLOG-230-null-thread-id-investigation,NULL thread_id Investigation and Fix,feature,Medium,Pending,-,-,-,-,2026-01-23,,[BACKLOG-230-null-thread-id-investigation.md](items/BACKLOG-230-null-thread-id-investigation.md)
BACKLOG-231,Fix Failing iosMessagesParser Tests (20 tests),test,Medium,Pending,-,~30K,-,Mock database setup issues,2026-01-15,,[BACKLOG-231.md](BACKLOG-231.md)
BACKLOG-232,Fix Disabled webSecurity in OAuth Popup Windows,security,Critical,Completed,-,~40K,-,"googleAuthHandlers.ts, microsoftAuthHandlers.ts",2026-01-17,,PR #433
BACKLOG-233,Add Global Unhandled Rejection Handlers,service,Critical,Completed,-,~25K,-,"main.ts, main.tsx missing process.on handlers",2026-01-17,,PR #435
BACKLOG-234,Fix Race Condition in Sync Orchestrator,service,Critical,Pending,-,~50K,-,Concurrent sync state conflicts,2026-01-17,,-
BACKLOG-235,Patch jsdiff DoS Vulnerability,security,Critical,Completed,-,~10K,-,npm audit vulnerability,2026-01-17,,PR #434
BACKLOG-236,Fix Incomplete PII Masking in LLM Pipeline,security,Critical,Completed,-,~45K,-,Content sent to LLM may expose PII,2026-01-17,,PR #436
BACKLOG-237,Reduce Transactions.tsx State Complexity (17 useState),refactor,Critical,Completed,TASK-1159,~60K,~25K,58% under estimate,2026-01-17,2026-01-22,feature/BACKLOG-237-reduce-transactions-state
BACKLOG-238,Break Down Oversized Flow Hooks,refactor,Critical,Pending,-,~100K,-,"useEmailHandlers 382 lines, useAuthFlow 233 lines",2026-01-17,,-
BACKLOG-239,Reduce Direct Database Access Pattern,refactor,Critical,Pending,-,~120K,-,45 instances of const db = pattern,2026-01-17,,-
BACKLOG-240,Implement Database Migration Rollback Strategy,infra,Critical,Pending,-,~60K,-,No rollback procedures exist,2026-01-17,,-
BACKLOG-241,Add Startup Health Checks,infra,Critical,Pending,-,~35K,-,No pre-flight validation on app start,2026-01-17,,-
BACKLOG-242,Add AbortController Support for Long Operations,service,High,Pending,-,~50K,-,No cancellation support for sync/fetch,2026-01-17,,-
BACKLOG-243,Fix Fire-and-Forget IPC Event Handlers,service,High,Pending,-,~60K,-,IPC handlers lack error handling,2026-01-17,,-
BACKLOG-244,Guarantee Session Cleanup Before State Transitions,service,High,Pending,-,~40K,-,Session state leaks possible,2026-01-17,,-
BACKLOG-245,Validate Database Connection State,service,High,Pending,-,~30K,-,No connection validation before queries,2026-01-17,,-
BACKLOG-246,Add Component-Level Error Boundaries,ui,High,Pending,-,~45K,-,Missing granular error boundaries,2026-01-17,,-
BACKLOG-247,Re-enable Sandbox for Preload Script,security,High,Completed,SPRINT-043,~40K,~35K,-12%,2026-01-17,,PR #463
BACKLOG-248,Fix Environment Variable Exposure in googleAuthService,security,High,Completed,SPRINT-043,~25K,~15K,-40%,2026-01-17,,PR #464
BACKLOG-249,Tighten CSP in Development Mode,security,High,Completed,SPRINT-043,~20K,~10K,-50%,2026-01-17,,PR #465
BACKLOG-250,Reduce Heavy Service Dependency Chains,refactor,High,Pending,-,~80K,-,transactionService imports 13+ services,2026-01-17,,-
BACKLOG-251,Standardize IPC Handler Error Handling,refactor,High,Pending,-,~70K,-,165 handlers with inconsistent patterns,2026-01-17,,-
BACKLOG-252,Decouple LLM Service from Consumers,refactor,High,Pending,-,~55K,-,Tight coupling to LLM implementation,2026-01-17,,-
BACKLOG-253,Remove Module-Level State Anti-Patterns,refactor,High,Pending,-,~40K,-,Global state in hooks causes Strict Mode issues,2026-01-17,,-
BACKLOG-254,Fix Type Safety Issues with any and unsafe unknown,refactor,High,Pending,-,~50K,-,AppleDriverSetup.tsx:43 and others,2026-01-17,,-
BACKLOG-255,Modularize Large Components (700-827 lines),refactor,High,Pending,-,~90K,-,Multiple oversized component files,2026-01-17,,-
BACKLOG-256,Address TODO/FIXME Comments (15+),refactor,High,Pending,-,~60K,-,Incomplete features flagged,2026-01-17,,-
BACKLOG-257,Fix Module-Level Mutable State in useAutoRefresh,refactor,High,Pending,-,~25K,-,Memory leak and state sharing risk,2026-01-17,,-
BACKLOG-258,Fix N+1 Query in Transaction Details,performance,High,Pending,-,~45K,-,Nested subqueries pattern,2026-01-17,,-
BACKLOG-259,Fix Memory Leak in useAutoRefresh Event Listeners,performance,High,Pending,-,~30K,-,Uncleaned event listeners,2026-01-17,,-
BACKLOG-260,Implement Virtual Scrolling for Large Lists,performance,High,Pending,-,~60K,-,Transaction/message lists need virtualization,2026-01-17,,-
BACKLOG-261,Unify Logging Architecture,refactor,High,Pending,-,~70K,-,280 structured vs 87 console.log,2026-01-17,,-
BACKLOG-262,Add Pre-Deployment Validation,infra,High,Pending,-,~40K,-,No validation before deploy,2026-01-17,,-
BACKLOG-263,Add Auto-Updater Metrics and Failure Tracking,infra,High,Pending,-,~35K,-,Silent update failures possible,2026-01-17,,-
BACKLOG-264,Document LLM Service API,docs,High,Pending,-,~40K,-,Complex retry/batch logic undocumented,2026-01-17,,-
BACKLOG-265,Document Complex Algorithms,docs,High,Pending,-,~50K,-,"messageMatchingService, autoLinkService",2026-01-17,,-
BACKLOG-266,Consolidate Duplicate Utility Functions,refactor,Medium,Pending,-,~35K,-,"formatCurrency, formatDate duplicates",2026-01-17,,-
BACKLOG-267,Standardize Error Handling Patterns,refactor,Medium,Pending,-,~50K,-,Inconsistent error handling across codebase,2026-01-17,,-
BACKLOG-268,Convert Relative Imports to Path Aliases,refactor,Medium,Pending,-,~80K,-,332+ relative import paths,2026-01-17,,-
BACKLOG-269,Add Memoization to Transaction Components,performance,Medium,Pending,-,~40K,-,Missing useMemo/useCallback,2026-01-17,,-
BACKLOG-270,Optimize Conversation Filtering Array Operations,performance,Medium,Pending,-,~30K,-,Inefficient array operations,2026-01-17,,-
BACKLOG-271,Add Indexes for Database LIKE Queries,performance,Medium,Pending,-,~25K,-,Unindexed columns in search queries,2026-01-17,,-
BACKLOG-272,Fix Synchronous JSON Serialization in Hot Paths,performance,Medium,Pending,-,~35K,-,Blocking serialization,2026-01-17,,-
BACKLOG-273,Improve Test Coverage (24% baseline),test,Medium,Pending,-,~100K,-,"21 skipped tests, many uncovered paths",2026-01-17,,-
BACKLOG-274,Ensure Cleanup on App Termination,service,Medium,Pending,-,~40K,-,Insufficient cleanup handlers,2026-01-17,,-
BACKLOG-275,Add Structured Logging to Renderer Process,refactor,Medium,Pending,-,~45K,-,LogService not used in renderer,2026-01-17,,-
BACKLOG-276,Implement Error Recovery & Rollback Strategy,service,Medium,Pending,-,~60K,-,No graceful error recovery,2026-01-17,,-
BACKLOG-277,Secure CI Logs from Secret Exposure,security,Medium,Pending,-,~20K,-,Potential credential leaks in CI,2026-01-17,,-
BACKLOG-278,Improve JSDoc Coverage,docs,Medium,Pending,-,~80K,-,~2400 comments for 246 files (~10/file),2026-01-17,,-
BACKLOG-279,Document IPC Handlers Consistently,docs,Medium,Pending,-,~50K,-,Handler documentation inconsistent,2026-01-17,,-
BACKLOG-280,Document Migration & Version History,docs,Medium,Pending,-,~35K,-,No migration documentation,2026-01-17,,-
BACKLOG-281,Create Documentation Standards,docs,Medium,Pending,-,~25K,-,No consistent doc patterns,2026-01-17,,-
BACKLOG-282,Document Error Handling Patterns,docs,Medium,Pending,-,~30K,-,Error patterns undocumented,2026-01-17,,-
BACKLOG-283,Document Configuration/Environment Setup,docs,Medium,Pending,-,~25K,-,Setup documentation gaps,2026-01-17,,-
BACKLOG-284,Implement Dependency Injection for Services,refactor,Low,Pending,-,~120K,-,Manual service instantiation,2026-01-17,,-
BACKLOG-285,Add Data Abstraction Layer for Components,refactor,Low,Pending,-,~100K,-,Direct data access in components,2026-01-17,,-
BACKLOG-286,Unify Chat Card and Group Chat Card Components,ui,Low,Completed,SPRINT-040,~40K,~70K,"PRs #442,445-448",2026-01-15,2026-01-17,-
BACKLOG-287,Dashboard Visible After Logout,security,Critical,Completed,-,~30K,-,Auth state not cleared on logout,2026-01-15,2026-01-16,PR #437
BACKLOG-288,Simplify Dashboard Button Labels,ui,Low,Completed,SPRINT-040,~10K,~20K,"PRs #441,443",2026-01-15,2026-01-17,-
BACKLOG-289,Unified Notification System,ui,Medium,Completed,SPRINT-040,~50K,~40K,PR #439,2026-01-16,2026-01-17,-
BACKLOG-290,Reusable Sync Progress Component,ui,Medium,Completed,SPRINT-040,~40K,~45K,PR #440,2026-01-16,2026-01-17,-
BACKLOG-291,Enhanced Error Diagnostics Report,feature,Medium,Pending,-,-,-,-,2026-01-23,,[BACKLOG-291.md](items/BACKLOG-291.md)
BACKLOG-292,Resolve Preload Script __DEV__ Undefined Error,infra,Medium,Completed,-,~10K,~5K,-50%,2026-01-16,2026-01-18,PR #438
BACKLOG-293,Duplicate macOS Messages Sync on Dashboard Load,fix,Medium,Completed,SPRINT-041,~20K,~15K,-25%,2026-01-16,2026-01-17,PR (TASK-1113)
BACKLOG-294,Extract Reusable DashboardActionCard Component,refactor,Low,Pending,-,~15K,-,DRY refactor for dashboard buttons,2026-01-16,,[BACKLOG-294.md](BACKLOG-294.md)
BACKLOG-295,Transaction Header Responsive Layout,ui,Medium,Completed,SPRINT-040,~18K,~18K,PR #449,2026-01-17,2026-01-17,-
BACKLOG-296,Database Schema Alignment - Service Updates,refactor,High,Completed,SPRINT-042,~40K,~35K,-12%,2026-01-17,,PR #462
BACKLOG-297,Startup Error Handling - User-Friendly Failure Screen,ui,Medium,Pending,-,~50K,-,Timeout + error screen on init failure,2026-01-17,,[BACKLOG-297.md](BACKLOG-297.md)
BACKLOG-298,Video Attachment Support in ConversationViewModal,ui,Medium,Pending,-,~35K,-,"Videos filtered out, only images displayed",2026-01-17,,[BACKLOG-298.md](BACKLOG-298.md)
BACKLOG-299,1:1 Chat Incorrectly Shown as Group Chat,fix,Medium,Completed,SPRINT-044,~25K,~52K,+108%,2026-01-17,2026-01-18,PR #470
BACKLOG-300,Display Contact Roles in User-Friendly Format,ui,Low,Pending,SPRINT-055a,~5K,-,"Format snake_case roles as ""Title Case""",2026-01-17,,[BACKLOG-300.md](BACKLOG-300.md)
BACKLOG-301,Refactor Sync Coordination with SyncScheduler Service,refactor,Medium,Pending,-,~65K,-,"Centralize sync triggers, remove cross-hook flags",2026-01-17,,[BACKLOG-301.md](BACKLOG-301.md)
BACKLOG-302,Service Pattern Audit - Coordination Refactoring,refactor,Medium,Pending,-,~10K,-,Audit findings for sync coordination patterns,2026-01-17,,[BACKLOG-302.md](BACKLOG-302.md)
BACKLOG-303,Centralize dotenv.config() in supabaseService.ts,security,Low,Completed,-,~3K,~3K,0%,2026-01-18,,PR #466
BACKLOG-304,Fix ESLint react-hooks/exhaustive-deps Rule Not Found,infra,Low,Completed,-,~3K,~1K,-67%,2026-01-18,2026-01-18,PR #468
BACKLOG-305,Fix autoDetection.test.tsx Button Selector Failure,test,Medium,Completed,-,~5K,~1K,-80%,2026-01-18,2026-01-18,PR #468
BACKLOG-306,Hide Phone/Email in Contact Selection Modal,ui,Low,Completed,SPRINT-045,~8K,~8K,0%,2026-01-18,2026-01-19,PR #472
BACKLOG-307,Contact Select Modal Missing Message-Derived Contacts,fix,High,Completed,SPRINT-045,~45K,~35K,-22%,2026-01-18,2026-01-19,PR #473
BACKLOG-309,Import Contact Flow - Auto-Select and Refresh Issues,fix,High,Completed,SPRINT-045,~25K,~25K,0%,2026-01-18,2026-01-19,PR #474
BACKLOG-310,Remove Debug Console Logs from NotificationContext,refactor,Low,Pending,-,~3K,-,-,2026-01-19,,[BACKLOG-310.md](items/BACKLOG-310.md)
BACKLOG-311,EditContactsModal Performance - Lift Contact Loading,performance,Medium,Completed,SPRINT-045,~15K,~25K,+67%,2026-01-19,2026-01-19,"PRs #477, #478"
BACKLOG-317,Unified Contact Selection UX Refactor,ui,Medium,Obsolete,-,~50K,-,-,2026-01-17,,[BACKLOG-317.md](items/BACKLOG-317.md)
BACKLOG-318,Fix Loading State Layout Shift in EditContactsModal,ui,Low,Completed,SPRINT-045,~5K,~5K,0%,2026-01-19,2026-01-19,PR #484
BACKLOG-319,Transaction Details Tab Restructuring,ui,Medium,Pending,-,~25K,-,-,2026-01-17,,[BACKLOG-319.md](items/BACKLOG-319.md)
BACKLOG-320,Hide Sale Price Field,ui,Low,Pending,-,~3K,-,-,2026-01-17,,[BACKLOG-320.md](items/BACKLOG-320.md)
BACKLOG-321,Hide Attachments Tab (Temporary),ui,Low,Pending,-,~3K,-,-,2026-01-17,,[BACKLOG-321.md](items/BACKLOG-321.md)
BACKLOG-322,Reintroduce Attachments Tab with Full Support,feature,Low,Pending,-,~40K,-,Depends on BACKLOG-321,2026-01-17,,[BACKLOG-322.md](items/BACKLOG-322.md)
BACKLOG-323,Attach Messages Button Styling,ui,Low,Pending,-,~2K,-,-,2026-01-17,,[BACKLOG-323.md](items/BACKLOG-323.md)
BACKLOG-324,PDF Export Back Link Fix,fix,High,Pending,-,~10K,-,-,2026-01-17,,[BACKLOG-324.md](items/BACKLOG-324.md)
BACKLOG-325,PDF Header Redesign,ui,Medium,Pending,-,~15K,-,-,2026-01-17,,[BACKLOG-325.md](items/BACKLOG-325.md)
BACKLOG-326,PDF Text Conversations Contact Name and Formatting,ui,Medium,Pending,-,~15K,-,-,2026-01-17,,[BACKLOG-326.md](items/BACKLOG-326.md)
BACKLOG-327,PDF Export Show Rich HTML Emails,feature,Medium,Pending,-,~20K,-,-,2026-01-17,,[BACKLOG-327.md](items/BACKLOG-327.md)
BACKLOG-329,Email Card Design Consistency with Message Cards,ui,Low,Pending,-,~8K,-,Includes View button,2026-01-17,,[BACKLOG-329.md](items/BACKLOG-329.md)
BACKLOG-330,Sort Contacts by Most Recent Communication,ui,Medium,Pending,-,~8K,-,-,2026-01-17,,[BACKLOG-330.md](items/BACKLOG-330.md)
BACKLOG-331,PDF Export Date Range Filtering,feature,Medium,Pending,-,-,-,-,2026-01-19,,[BACKLOG-331.md](BACKLOG-331.md)
BACKLOG-332,Audit Package Missing Attachments and Text Messages,feature,High,Completed,SPRINT-049,-,-,-,2026-01-19,2026-01-22,[BACKLOG-332.md](BACKLOG-332.md)
BACKLOG-333,Gray Out Unimplemented Export Options with Coming Soon Label,ui,Low,Pending,-,-,-,-,2026-01-19,,[BACKLOG-333.md](BACKLOG-333.md)
BACKLOG-334,Export Settings - Persist Default Export Options and Format,feature,Medium,Pending,-,-,-,-,2026-01-19,,[BACKLOG-334.md](BACKLOG-334.md)
BACKLOG-335,Enforce Transaction Start Date with Historical Message Filtering,service,High,Pending,SPRINT-049,-,-,-,2026-01-19,,[BACKLOG-335.md](BACKLOG-335.md)
BACKLOG-336,Export Text Message Attachments with Message References,feature,Medium,Pending,-,-,-,-,2026-01-23,,[BACKLOG-336.md](items/BACKLOG-336.md)
BACKLOG-337,"Show Agent Name Instead of ""You"" in PDF Exports",feature,Medium,Pending,-,-,-,-,2026-01-23,,[BACKLOG-337.md](items/BACKLOG-337.md)
BACKLOG-338,Google Profile Image Display Issue,ui,Low,Pending,-,-,-,-,2026-01-20,,[BACKLOG-338.md](items/BACKLOG-338.md)
BACKLOG-339,Export Progress Indicator with Time Estimate,ui,Low,Pending,-,-,-,-,2026-01-20,,[BACKLOG-339.md](items/BACKLOG-339.md)
BACKLOG-340,Show/Hide Messages Outside Date Range,ui,Medium,Pending,-,-,-,-,2026-01-17,,[BACKLOG-340.md](items/BACKLOG-340.md)
BACKLOG-341,Add Year to Message Timestamps in Viewer,ui,Low,Pending,-,-,-,-,2026-01-17,,[BACKLOG-341.md](items/BACKLOG-341.md)
BACKLOG-342,Include Orphan Messages in Audit Export,feature,Medium,Pending,-,-,-,-,2026-01-17,,[BACKLOG-342.md](items/BACKLOG-342.md)
BACKLOG-343,Show User's Actual Identifier in Group Chat Exports,feature,Medium,Completed,-,-,-,-,2026-01-17,,[BACKLOG-343.md](items/BACKLOG-343.md)
BACKLOG-344,Add Audit Package as Default Export Format Option,ui,Medium,Obsolete,-,-,-,Superseded by BACKLOG-360,2026-01-21,,[BACKLOG-344.md](BACKLOG-344.md)
BACKLOG-345,Verify PDF Export Uses Audit Package as Foundation,architecture,Medium,Pending,-,-,-,-,2026-01-21,,[BACKLOG-345.md](BACKLOG-345.md)
BACKLOG-346,Add Test Coverage for folderExportService.ts,test,High,Pending,-,-,-,-,2026-01-21,,[BACKLOG-346.md](BACKLOG-346.md)
BACKLOG-347,Enable Branch Protection Rules on develop,infra,High,Pending,-,-,-,-,2026-01-21,,[BACKLOG-347.md](BACKLOG-347.md)
BACKLOG-348,Consolidate Field Allowlists (Single Source of Truth),refactor,Medium,Pending,-,-,-,-,2026-01-21,,[BACKLOG-348.md](BACKLOG-348.md)
BACKLOG-349,Share FolderExportProgress Type Across IPC Boundary,refactor,Medium,Pending,-,-,-,-,2026-01-21,,[BACKLOG-349.md](BACKLOG-349.md)
BACKLOG-350,Refactor folderExportService.ts (2057 Lines),refactor,Low,Pending,-,-,-,-,2026-01-21,,[BACKLOG-350.md](BACKLOG-350.md)
BACKLOG-351,Add Logging to Empty Catch Blocks in Export Services,refactor,Low,Pending,-,-,-,-,2026-01-21,,[BACKLOG-351.md](BACKLOG-351.md)
BACKLOG-352,Export Success Message with Finder Link and Close Transaction Prompt,ui,High,Pending,SPRINT-049,-,-,-,2026-01-21,,[BACKLOG-352.md](items/BACKLOG-352.md)
BACKLOG-353,PDF Authenticity Hash Verification via Supabase,feature,Medium,Pending,-,-,-,-,2026-01-21,,[BACKLOG-353.md](items/BACKLOG-353.md)
BACKLOG-354,Remove Phone Number Under Each Text in 1:1 Chat Exports,ui,Low,Pending,SPRINT-049,-,-,-,2026-01-21,,[BACKLOG-354.md](items/BACKLOG-354.md)
BACKLOG-355,Add Back to Email Threads Link in Full Audit PDF,ui,Medium,Pending,SPRINT-049,-,-,-,2026-01-21,,[BACKLOG-355.md](items/BACKLOG-355.md)
BACKLOG-356,Redesign Text Conversation Cards - Date Range and No Preview,ui,Medium,Pending,SPRINT-049,-,-,-,2026-01-21,,[BACKLOG-356.md](items/BACKLOG-356.md)
BACKLOG-357,Filter Text Preview by Audit Dates with Toggle,feature,Medium,Pending,SPRINT-049,-,-,-,2026-01-21,,[BACKLOG-357.md](items/BACKLOG-357.md)
BACKLOG-358,Deleted Messages Tab in Transaction Details,feature,Medium,Pending,-,-,-,-,2026-01-21,,[BACKLOG-358.md](items/BACKLOG-358.md)
BACKLOG-359,Add Audit Date Range to Summary PDF Title,ui,Low,Pending,-,-,-,-,2026-01-21,,[BACKLOG-359.md](items/BACKLOG-359.md)
BACKLOG-360,Default Export to Audit Package - One PDF as Coming Soon,ui,High,Pending,SPRINT-049,-,-,-,2026-01-21,,[BACKLOG-360.md](items/BACKLOG-360.md)
BACKLOG-361,Remove Progress Bar from Audit Package Exporter,ui,Low,Pending,-,-,-,-,2026-01-21,,[BACKLOG-361.md](items/BACKLOG-361.md)
BACKLOG-362,Increase Export Success Popup Visibility Duration,ui,Medium,Pending,SPRINT-049,-,-,-,2026-01-21,,[BACKLOG-362.md](items/BACKLOG-362.md)
BACKLOG-363,Reorganize Transaction Details Tabs - Move Emails to Own Tab,ui,High,Completed,-,-,-,Already implemented - TransactionEmailsTab.tsx exists,2026-01-21,2026-01-22,[BACKLOG-363.md](items/BACKLOG-363.md)
BACKLOG-364,Remove Duplicate transaction_participants Table,technical debt,Critical,Pending,-,-,-,-,2026-01-23,,[BACKLOG-364.md](items/BACKLOG-364.md)
BACKLOG-365,Fix feedbackService Table Reference Mismatch,bug,Critical,Pending,-,-,-,-,2026-01-23,,[BACKLOG-365.md](items/BACKLOG-365.md)
BACKLOG-366,Verify TransactionStatus Type/Schema Alignment,bug,Critical,Pending,-,~5K,-,-,2026-01-23,,[BACKLOG-366.md](items/BACKLOG-366.md)
BACKLOG-367,Consolidate Duplicate Export Date Columns,technical debt,Medium,Pending,-,-,-,-,2026-01-23,,[BACKLOG-367.md](items/BACKLOG-367.md)
BACKLOG-368,Create transactionStageHistoryDbService,technical debt,Medium,Pending,-,-,-,-,2026-01-23,,[BACKLOG-368.md](items/BACKLOG-368.md)
BACKLOG-369,Align Audit Log Schema Between Migration and Main Schema,technical debt,Medium,Pending,-,-,-,-,2026-01-23,,[BACKLOG-369.md](items/BACKLOG-369.md)
BACKLOG-370,Add Unique Constraint for Thread-Based Communication Links,data integrity,Medium,Pending,-,-,-,-,2026-01-23,,[BACKLOG-370.md](items/BACKLOG-370.md)
BACKLOG-371,Contact Update Sync and Re-link Messages,feature,High,Pending,SPRINT-049,-,-,-,2026-01-21,,[BACKLOG-371.md](items/BACKLOG-371.md)
BACKLOG-372,Switch Mac to iPhone Backup for Messages/Contacts,architecture,High,Pending,-,-,-,-,2026-01-21,,[BACKLOG-372.md](items/BACKLOG-372.md)
BACKLOG-373,Android Device Support,feature,High,Pending,-,~150K,-,-,2026-01-21,,[BACKLOG-373.md](items/BACKLOG-373.md)
BACKLOG-374,Add App Logo and Branding,ui,Medium,Pending,-,~30K,-,-,2026-01-21,,[BACKLOG-374.md](items/BACKLOG-374.md)
BACKLOG-375,SSO (Single Sign-On) for Enterprise Authentication,feature,High,Obsolete,-,~150K,-,Superseded by SPRINT-058 unified browser auth,2026-01-21,,[BACKLOG-375.md](items/BACKLOG-375.md)
BACKLOG-376,SCIM User Provisioning & Role Management,feature,High,Pending,-,~120K,-,Partially superseded - invitation system in SPRINT-058,2026-01-21,,[BACKLOG-376.md](items/BACKLOG-376.md)
BACKLOG-377,AI-Powered Audit Analysis,feature,High,Pending,-,~150K,-,-,2026-01-21,,[BACKLOG-377.md](items/BACKLOG-377.md)
BACKLOG-378,Call Log Support for Transaction Audits,feature,Medium,Pending,-,~60K,-,-,2026-01-21,,[BACKLOG-378.md](items/BACKLOG-378.md)
BACKLOG-379,Continue Setup Button No-Op (goToEmailOnboarding),fix,High,Pending,SPRINT-049,~15K,-,-,2026-01-21,,[BACKLOG-379.md](items/BACKLOG-379.md)
BACKLOG-380,hasEmailConnected Returns False Despite Working Email Sync,fix,High,Pending,-,~20K,-,-,2026-01-21,,[BACKLOG-380.md](items/BACKLOG-380.md)
BACKLOG-381,Transaction Details Header Improvements (Audit Period + Type + Edit Button),ui,Medium,Pending,SPRINT-049,-,-,-,2026-01-22,,[BACKLOG-381.md](items/BACKLOG-381.md)
BACKLOG-382,Persistent Export History in Transaction Details,feature,Medium,Obsolete,-,-,-,-,2026-01-22,,[BACKLOG-382.md](items/BACKLOG-382.md)
BACKLOG-383,Format Role Pills with Human-Readable Labels,ui,Medium,Pending,SPRINT-049,-,-,-,2026-01-22,,[BACKLOG-383.md](items/BACKLOG-383.md)
BACKLOG-384,AI-Extracted Date Verification Badges,feature,Low,Pending,-,-,-,-,2026-01-22,,[BACKLOG-384.md](items/BACKLOG-384.md)
BACKLOG-385,Contact Email Missing Prompt,ux,High,Completed,SPRINT-050,-,-,-,2026-01-22,2026-01-22,[BACKLOG-385.md](items/BACKLOG-385.md)
BACKLOG-386,Unified Contact Selection and Management UX,ux,High,Completed,SPRINT-050,-,-,-,2026-01-22,2026-01-22,[BACKLOG-386.md](items/BACKLOG-386.md)
BACKLOG-387,Supabase Schema - Organizations Members Submissions,schema,Critical,Completed,SPRINT-050,~25K,-,-,2026-01-22,2026-01-22,[BACKLOG-387.md](items/BACKLOG-387.md)
BACKLOG-388,RLS Policies + Storage Bucket,security,Critical,Completed,SPRINT-050,~20K,-,-,2026-01-22,2026-01-22,[BACKLOG-388.md](items/BACKLOG-388.md)
BACKLOG-389,Demo Seed Data,data,Critical,Completed,SPRINT-050,~10K,-,-,2026-01-22,2026-01-22,[BACKLOG-389.md](items/BACKLOG-389.md)
BACKLOG-390,Desktop - Local Schema Changes (submission_status),schema,Critical,Completed,SPRINT-050,~15K,-,-,2026-01-22,2026-01-22,[BACKLOG-390.md](items/BACKLOG-390.md)
BACKLOG-391,Desktop - Submit for Review UI (detail page),ui,Critical,Completed,SPRINT-050,~25K,-,-,2026-01-22,2026-01-22,[BACKLOG-391.md](items/BACKLOG-391.md)
BACKLOG-392,Desktop - Bulk Submit UI (list page),ui,High,Completed,SPRINT-050,~20K,-,-,2026-01-22,2026-01-22,[BACKLOG-392.md](items/BACKLOG-392.md)
BACKLOG-393,Desktop - Attachment Upload Service,service,Critical,Completed,SPRINT-050,~30K,-,-,2026-01-22,2026-01-22,[BACKLOG-393.md](items/BACKLOG-393.md)
BACKLOG-394,Desktop - Transaction Push Service,service,Critical,Completed,SPRINT-050,~35K,-,-,2026-01-22,2026-01-22,[BACKLOG-394.md](items/BACKLOG-394.md)
BACKLOG-395,Desktop - Status Sync + Review Notes Display,service,Critical,Completed,SPRINT-050,~25K,-,-,2026-01-22,2026-01-22,[BACKLOG-395.md](items/BACKLOG-395.md)
BACKLOG-396,Portal - Next.js Setup + Vercel Deploy,infrastructure,Critical,Completed,SPRINT-050,~25K,-,-,2026-01-22,2026-01-22,[BACKLOG-396.md](items/BACKLOG-396.md)
BACKLOG-397,Portal - Supabase Auth (OAuth),auth,Critical,Completed,SPRINT-050,~20K,-,-,2026-01-22,2026-01-22,[BACKLOG-397.md](items/BACKLOG-397.md)
BACKLOG-398,Portal - Dashboard + Submission List,ui,Critical,Completed,SPRINT-050,~30K,-,-,2026-01-22,2026-01-22,[BACKLOG-398.md](items/BACKLOG-398.md)
BACKLOG-399,Portal - Submission Detail View,ui,Critical,Completed,SPRINT-050,~35K,-,-,2026-01-22,2026-01-22,[BACKLOG-399.md](items/BACKLOG-399.md)
BACKLOG-400,Portal - Review Actions (Approve/Reject/Changes),feature,Critical,Completed,SPRINT-050,~25K,-,-,2026-01-22,2026-01-22,[BACKLOG-400.md](items/BACKLOG-400.md)
BACKLOG-401,Portal - Message & Attachment Viewer,ui,High,Completed,SPRINT-050,~30K,-,-,2026-01-22,2026-01-22,[BACKLOG-401.md](items/BACKLOG-401.md)
BACKLOG-402,File Size Limits per Plan Tier,feature,Medium,Pending,-,-,-,-,2026-01-23,,[BACKLOG-402.md](items/BACKLOG-402.md)
BACKLOG-403,Malware Scanning on Upload,feature,Medium,Pending,-,-,-,-,2026-01-23,,[BACKLOG-403.md](items/BACKLOG-403.md)
BACKLOG-404,Internal Admin Panel for User Management,feature,Medium,Pending,-,-,-,-,2026-01-23,,[BACKLOG-404.md](items/BACKLOG-404.md)
BACKLOG-405,Fix RLS Policies and Auth Triggers,feature,Medium,Pending,-,-,-,-,2026-01-23,,[BACKLOG-405.md](items/BACKLOG-405.md)
BACKLOG-406,Fix Apple Signing Certificate for macOS Release,infrastructure,High,Pending,SPRINT-056,~5K,-,-,2026-01-22,,[BACKLOG-406.md](items/BACKLOG-406.md)
BACKLOG-409,Align TypeScript Types with SQLite Schema,refactor,High,Completed,SPRINT-051,~15K,-,-,2026-01-22,2026-01-23,[BACKLOG-409.md](items/BACKLOG-409.md)
BACKLOG-410,Add AI Detection Columns to SQLite (verify existing),schema,High,Completed,SPRINT-053,~10K,-,-,2026-01-23,,[BACKLOG-410.md](items/BACKLOG-410.md)
BACKLOG-411,Update Base schema.sql,refactor,Medium,Completed,SPRINT-051,~10K,-,-,2026-01-22,2026-01-23,[BACKLOG-411.md](items/BACKLOG-411.md)
BACKLOG-412,Restore Closed Filter Tab,ui,High,Completed,SPRINT-051,~8K,-,-,2026-01-22,2026-01-23,[BACKLOG-412.md](items/BACKLOG-412.md)
BACKLOG-413,Investigate/Fix detection_status Filter Logic,refactor,Medium,Pending,-,~5K,-,-,2026-01-23,,[BACKLOG-413.md](items/BACKLOG-413.md)
BACKLOG-414,Add Visual Separator Between Status Domains,ui,Low,Pending,-,~5K,-,-,2026-01-23,,[BACKLOG-414.md](items/BACKLOG-414.md)
BACKLOG-415,Submit Modal Shows Wrong Message Count,bug fix,Medium,Completed,SPRINT-050,~5K tokens,-,-,2026-01-23,2026-01-22,[BACKLOG-415.md](items/BACKLOG-415.md)
BACKLOG-416,Submitted Transactions Show as Active in Filter,bug fix,Medium,Pending,-,~15K tokens,-,-,2026-01-23,,[BACKLOG-416.md](items/BACKLOG-416.md)
BACKLOG-417,Display Price Fields in Transaction Summary,ui,Medium,Pending,-,~8K tokens,-,-,2026-01-23,,[BACKLOG-417.md](items/BACKLOG-417.md)
BACKLOG-418,"Redesign Contact Selection UX (Select First, Assign Roles Second)",ux redesign,Medium,Pending,SPRINT-055b,~40K,-,-,2026-01-23,,[BACKLOG-418.md](items/BACKLOG-418.md)
BACKLOG-419,Audit and Restore RLS Policies,security,High,Completed,SPRINT-051,~10K,-,-,2026-01-22,2026-01-23,[BACKLOG-419.md](items/BACKLOG-419.md)
BACKLOG-420,Broker Portal - Attachments Not Displaying,bug fix,Medium,Completed,SPRINT-050,~15K tokens,-,-,2026-01-23,2026-01-22,[BACKLOG-420.md](items/BACKLOG-420.md)
BACKLOG-421,Broker Portal - Request Changes Text Color is White,bug fix,Medium,Completed,SPRINT-050,~3K tokens,-,-,2026-01-23,2026-01-22,[BACKLOG-421.md](items/BACKLOG-421.md)
BACKLOG-422,Fix Broker Portal Review Actions,fix,Critical,Completed,SPRINT-051,~20K,-,-,2026-01-22,2026-01-23,[BACKLOG-422.md](items/BACKLOG-422.md)
BACKLOG-423,Fix Transactions.test.tsx Missing Mock,test,Medium,Completed,SPRINT-051,~5K,-,-,2026-01-22,2026-01-23,[BACKLOG-423.md](items/BACKLOG-423.md)
BACKLOG-424,Broker Portal Submission List UX Tweaks,ux,Low,Pending,SPRINT-051,-,-,-,2026-01-23,,[BACKLOG-424.md](items/BACKLOG-424.md)
BACKLOG-425,Test Desktop Status Sync,test,High,Completed,SPRINT-051,~10K,-,-,2026-01-22,2026-01-23,[BACKLOG-425.md](items/BACKLOG-425.md)
BACKLOG-426,License Type Database Schema Support,schema,Critical,Completed,SPRINT-051,~20K,-,-,2026-01-22,2026-01-23,[BACKLOG-426.md](items/BACKLOG-426.md)
BACKLOG-427,License-Aware UI Components,ui,Critical,Completed,SPRINT-051,~35K,-,-,2026-01-22,2026-01-23,[BACKLOG-427.md](items/BACKLOG-427.md)
BACKLOG-428,License Context Provider,service,Critical,Completed,SPRINT-051,~25K,-,-,2026-01-22,2026-01-23,[BACKLOG-428.md](items/BACKLOG-428.md)
BACKLOG-429,Team Workflow E2E Testing,test,Critical,Completed,SPRINT-051,~25K,-,-,2026-01-22,2026-01-23,[BACKLOG-429.md](items/BACKLOG-429.md)
BACKLOG-452,Admin User Management UI,ui,Medium,Pending,-,~30K,-,-,2026-01-23,,[BACKLOG-452.md](items/BACKLOG-452.md)
BACKLOG-453,Multi-org broker auth fix,fix,Critical,Completed,SPRINT-051,~10K,-,-,2026-01-23,2026-01-23,[BACKLOG-453.md](items/BACKLOG-453.md)
BACKLOG-454,Azure AD OAuth email config,auth,Critical,Pending,-,~20K,-,-,2026-01-23,,[BACKLOG-454.md](items/BACKLOG-454.md)
BACKLOG-455,RLS enablement on tables,security,Critical,Completed,SPRINT-051,~5K,-,-,2026-01-23,2026-01-23,[BACKLOG-455.md](items/BACKLOG-455.md)
BACKLOG-456,Unify Loading Animation UI,ui,Low,Pending,-,~10K,-,-,2026-01-23,,[BACKLOG-456.md](items/BACKLOG-456.md)
BACKLOG-457,Sync Emails must fetch from provider,feature,Critical,Completed,SPRINT-052,~50K,-,-,2026-01-23,,[BACKLOG-457.md](items/BACKLOG-457.md)
BACKLOG-458,Email connection status mismatch,fix,High,Completed,SPRINT-052,~30K,-,-,2026-01-23,,[BACKLOG-458.md](items/BACKLOG-458.md)
BACKLOG-459,Team License Export After Submission,feature,Critical,Completed,SPRINT-053,~20K,-,-,2026-01-23,,[BACKLOG-459.md](items/BACKLOG-459.md)
BACKLOG-460,Dashboard Notifications for Status Changes,feature,High,Pending,-,~25K,-,-,2026-01-23,,[BACKLOG-460.md](items/BACKLOG-460.md)
BACKLOG-461,Under Review Status When Broker Opens Submission,feature,High,Pending,-,~15K,-,-,2026-01-23,,[BACKLOG-461.md](items/BACKLOG-461.md)
BACKLOG-462,Verify AI Add-on Feature Gating Completeness,qa,Critical,Completed,SPRINT-053,~15K,-,-,2026-01-23,,[BACKLOG-462.md](items/BACKLOG-462.md)
BACKLOG-463,Single-Screen Contact Management Flow,ux,High,Pending,SPRINT-055b,~45K,-,-,2026-01-23,,[BACKLOG-463.md](items/BACKLOG-463.md)
BACKLOG-464,OAuth Reconnect Popup Not Opening,bug,Critical,Completed,SPRINT-052,~20K,-,-,2026-01-24,,[BACKLOG-464.md](items/BACKLOG-464.md)
BACKLOG-475,Verify Auto-Updater End-to-End,infrastructure,High,Pending,SPRINT-056,~15K,-,-,2026-01-24,,[BACKLOG-475.md](items/BACKLOG-475.md)
BACKLOG-476,Complete Signed Release Cycle Test,infrastructure,Medium,Pending,SPRINT-056,~5K,-,-,2026-01-24,,[BACKLOG-476.md](items/BACKLOG-476.md)
BACKLOG-477,User License Schema in Supabase,schema,Critical,Pending,SPRINT-057,~25K,-,-,2026-01-24,,[BACKLOG-477.md](items/BACKLOG-477.md)
BACKLOG-478,License Validation Service,service,Critical,Pending,SPRINT-057,~30K,-,-,2026-01-24,,[BACKLOG-478.md](items/BACKLOG-478.md)
BACKLOG-479,Device Registration Service,service,High,Pending,SPRINT-057,~20K,-,-,2026-01-24,,[BACKLOG-479.md](items/BACKLOG-479.md)
BACKLOG-480,License Check at App Start,service,Critical,Pending,SPRINT-057,~15K,-,-,2026-01-24,,[BACKLOG-480.md](items/BACKLOG-480.md)
BACKLOG-481,Trial Limit Enforcement UI,ui,High,Pending,SPRINT-057,~10K,-,-,2026-01-24,,[BACKLOG-481.md](items/BACKLOG-481.md)
BACKLOG-482,Desktop Deep Link Handler,infrastructure,Critical,Pending,SPRINT-058,~25K,-,-,2026-01-24,,[BACKLOG-482.md](items/BACKLOG-482.md)
BACKLOG-483,Browser Auth Landing Page,ui,Critical,Pending,SPRINT-058,~30K,-,-,2026-01-24,,[BACKLOG-483.md](items/BACKLOG-483.md)
BACKLOG-484,License Validation at Auth,service,Critical,Pending,SPRINT-058,~15K,-,-,2026-01-24,,[BACKLOG-484.md](items/BACKLOG-484.md)
BACKLOG-485,Deprecate OAuth Popup Flow,refactor,Medium,Pending,SPRINT-058,~10K,-,-,2026-01-24,,[BACKLOG-485.md](items/BACKLOG-485.md)
BACKLOG-486,PostHog SDK Integration,infrastructure,Critical,Pending,SPRINT-059,~15K,-,-,2026-01-24,,[BACKLOG-486.md](items/BACKLOG-486.md)
BACKLOG-487,Core Lifecycle Events,service,Critical,Pending,SPRINT-059,~10K,-,-,2026-01-24,,[BACKLOG-487.md](items/BACKLOG-487.md)
BACKLOG-488,Transaction & Feature Events,service,High,Pending,SPRINT-059,~10K,-,-,2026-01-24,,[BACKLOG-488.md](items/BACKLOG-488.md)
BACKLOG-489,Privacy Controls & Error Tracking,service,High,Pending,SPRINT-059,~5K,-,-,2026-01-24,,[BACKLOG-489.md](items/BACKLOG-489.md)
BACKLOG-490,Fix EMAIL_CONNECTED Not Updating in Ready State,bug,Critical,Completed,SPRINT-052,~15K,-,-,2026-01-24,2026-01-25,[BACKLOG-490.md](items/BACKLOG-490.md)
BACKLOG-491,Remove Excessive NavigationButtons Logging,bug,High,Completed,SPRINT-052,~5K,-,-,2026-01-24,2026-01-25,[BACKLOG-491.md](items/BACKLOG-491.md)
BACKLOG-492,Test Outlook/Microsoft Email Sync,testing,Critical,Deferred,-,~5K,-,-,2026-01-24,,[BACKLOG-492.md](items/BACKLOG-492.md)
BACKLOG-493,Cannot Unlink Emails from Transactions,bug,High,Completed,SPRINT-052,~10K,-,-,2026-01-24,2026-01-25,[BACKLOG-493.md](items/BACKLOG-493.md)
BACKLOG-494,Display Emails in Natural Thread Format,feature,Critical,Completed,SPRINT-052,~25K,-,-,2026-01-24,2026-01-25,[BACKLOG-494.md](items/BACKLOG-494.md)
BACKLOG-497,Move SQLite Queries to Worker Thread,refactor,High,Pending,-,~150K,-,-,2026-01-24,,[BACKLOG-497.md](items/BACKLOG-497.md)
BACKLOG-505,Fix Duplicate Text Messages in Conversation View,bug,Critical,Completed,-,~20K,-,-,2026-01-25,2026-01-25,[BACKLOG-505.md](items/BACKLOG-505.md)
BACKLOG-506,Database Architecture Cleanup - Eliminate Dual-Storage Pattern,refactor,High,testing,SPRINT-060,~122K,~150K,+23%,2026-01-25,2026-01-26,[BACKLOG-506.md](items/BACKLOG-506.md)
BACKLOG-507,Database Maintenance Button in Settings,feature,Medium,Pending,-,~50K,-,-,2026-01-25,,[BACKLOG-507.md](items/BACKLOG-507.md)
BACKLOG-508,Add Progress Bar for Message Import,ui,Low,Pending,-,~5K,-,-,2026-01-26,,[BACKLOG-508.md](items/BACKLOG-508.md)
BACKLOG-509,Email embedded images blocked by CSP,bug,low,pending,,,UI,cid: URLs for inline email images blocked by Content Security Policy. Need to either add cid: to img-src or strip/replace with placeholders.,,,
BACKLOG-510,Fix transaction card communication counters,bug,medium,completed,SPRINT-061,,UI,Text and email thread counters on TransactionCard show wrong counts. Counters hidden until fixed. Need to recalculate counts based on new junction table architecture.,,,
BACKLOG-511,Support HEIC image attachments in text threads,enhancement,low,pending,,,UI,HEIC images from iPhone don't display in text thread preview. Need to convert to displayable format or show placeholder.,,,
BACKLOG-512,Auto-trigger email sync on contact list changes,enhancement,medium,pending,,,Backend,"When contacts are added/modified on a transaction, automatically trigger email sync instead of requiring manual 'Sync Communications' click.",,,
BACKLOG-513,Fix unknown contact name display in text threads,bug,medium,completed,SPRINT-061,,UI,"When linking text threads to transactions, some 1:1 conversations display 'unknown' as contact name instead of actual contact. Contact lookup not finding phone number match.",,,
BACKLOG-514,Fix thread deduplication during message import,bug,medium,deferred,-,,Backend,Same conversation appears as multiple separate threads in UI. Messages from same thread imported with different thread_ids or grouping logic not consolidating properly.,,,
BACKLOG-515,User Identifiers Table for Contact Resolution,enhancement,medium,pending,,,Backend,"Create user_identifiers table to store user email/phone identifiers. Improves contact resolution performance (indexed lookup vs O(n) message scan). Supports multiple emails/phones, future messaging platforms. Auto-populate from OAuth and message imports. SR Engineer approved architecture.",,,
BACKLOG-542,Merge SMS and iMessage threads from same contact,bug,medium,pending,-,~30K,-,-,2026-01-27,,[BACKLOG-542.md](items/BACKLOG-542.md)
BACKLOG-543,Audit period not displayed after transaction creation until edit/save,bug,low,pending,-,~15K,-,-,2026-01-27,,[BACKLOG-543.md](items/BACKLOG-543.md)
BACKLOG-545,Attachments not exported in package,bug,High,Pending,-,~40K,-,-,2026-01-27,,[BACKLOG-545.md](items/BACKLOG-545.md)
BACKLOG-546,Returning users incorrectly see T&C acceptance screen,bug,High,completed,SPRINT-062,~15K,~15K,0,2026-01-27,2026-01-27,[BACKLOG-546.md](items/BACKLOG-546.md)
BACKLOG-547,Email attachments not included in export package,bug,High,completed,SPRINT-067,~25K,-,-,2026-01-27,2026-02-01,[BACKLOG-547.md](items/BACKLOG-547.md)
BACKLOG-548,Browser auth landing page with provider selection,feature,High,completed,SPRINT-062,~5K,~5K,0,2026-01-27,2026-01-27,[BACKLOG-548.md](items/BACKLOG-548.md)
BACKLOG-549,Investigate and consolidate TransactionToolbar vs TransactionsToolbar,refactoring,medium,pending,,"There are two nearly identical toolbar components: TransactionToolbar.tsx (used by TransactionList.tsx) and TransactionsToolbar.tsx (used by Transactions.tsx). Investigate whether both pages are needed and consolidate to a single toolbar component.",,2026-01-29
BACKLOG-566,Multi-Category Contact Filtering in EditContactsModal,enhancement,Medium,Testing,SPRINT-066,~15K,-,-,2026-01-29,TASK-1769,[BACKLOG-566-multi-category-contact-filtering.md](items/BACKLOG-566-multi-category-contact-filtering.md)
BACKLOG-567,Sort Contacts by Most Recent Communication,enhancement,Medium,Testing,SPRINT-066,~8K,-,-,2026-01-29,TASK-1770,[BACKLOG-567-contact-selection-sort-by-recent.md](items/BACKLOG-567-contact-selection-sort-by-recent.md)
BACKLOG-568,Unify New Audit Modal Navigation (Remove Nested Buttons),ux-bug,High,Pending,SPRINT-066,~20K,-,-,2026-01-29,TASK-1771,[BACKLOG-568-audit-modal-unified-navigation.md](items/BACKLOG-568-audit-modal-unified-navigation.md)
BACKLOG-569,Update joyride onboarding tour,ux,medium,pending,,"Review and update the joyride onboarding tour to reflect recent UI changes",2026-01-31,
BACKLOG-570,Silent refresh pattern for contact imports,bugfix,medium,completed,SPRINT-066,Prevent loading flicker after importing contacts by using silent refresh that doesn't show loading state,2026-01-31,
BACKLOG-571,Fix contact source categorization for imports,bugfix,medium,completed,SPRINT-066,Use source=contacts_app instead of manual when importing from Contacts App so they appear in Imported filter,2026-01-31,
BACKLOG-572,Transaction header responsive improvements,ux,medium,completed,SPRINT-066,Always row layout with flex-nowrap - address on two lines - prevents Export button wrapping,2026-01-31,
BACKLOG-573,Transaction details button reorganization,ux,medium,completed,SPRINT-066,Move Edit Summary button next to Summary heading - move Delete button to bottom center of Overview tab,2026-01-31,
BACKLOG-574,Emails and Messages empty state styling,ux,low,completed,SPRINT-066,Update empty states to match contacts style with gray box - centered icon - and action button,2026-01-31,
BACKLOG-575,ContactRoleRow responsive layout,ux,medium,completed,SPRINT-066,Add flex-wrap so dropdown wraps to next line on narrow screens - prevent name truncation,2026-01-31,
BACKLOG-576,Responsive icon-only buttons for Overview tab,ux,medium,completed,SPRINT-066,Edit Summary - Sync - Edit Contacts buttons show icon-only on small screens with text on larger screens,2026-01-31,
BACKLOG-577,Consistent Edit button colors,ux,low,completed,SPRINT-066,Change Edit Summary button from indigo to blue to match Edit Contacts button color,2026-01-31,
BACKLOG-578,Fix Supabase RLS infinite recursion in organization_members,bugfix,high,pending,,Fix Row Level Security policy on organization_members table that causes infinite recursion - need to use security definer function or different table reference,2026-01-31,
BACKLOG-579,List Attachment Filenames in Export PDF,enhancement,high,completed,SPRINT-067,~15K,-,-,2026-02-01,2026-02-01,[BACKLOG-579.md](items/BACKLOG-579.md)
BACKLOG-580,Attachments Tab Show Downloaded Files,feature,medium,deferred,-,~30K,-,SPRINT-067 feedback - deferred,2026-02-01,-,[BACKLOG-580.md](items/BACKLOG-580-attachments-tab-downloaded-files.md)
BACKLOG-581,State machine not auto-transitioning after onboarding,bugfix,medium,completed,,After completing onboarding (phone type + email connection) the app shows white screen until manual refresh - state machine stuck in transition,2026-02-02,
BACKLOG-582,Joyride onboarding tour not triggering after completing flow,bug,high,pending,,-,-,-,2026-02-01,,
BACKLOG-583,Dashboard button icons inconsistent sizes and missing gradient on iPhone,ux,medium,pending,,Icon sizes vary (w-14 vs w-12) and iPhone button needs gradient background like others,2026-02-01,,
BACKLOG-584,System health check fails with invalid provider error,bug,low,pending,,Health check throws "Provider must be one of: google microsoft" error every 2 minutes - passing invalid provider value,2026-02-01,,
BACKLOG-585,Texts don't auto-attach to transactions on Windows + iOS,bug,high,Testing,SPRINT-068,Covered by BACKLOG-590 fix,-,-,2026-02-02,2026-02-02,
BACKLOG-586,Windows text attachment UI differs from Mac experience,bug,high,Deferred,,UI parity deferred to future sprint - core functionality works,2026-02-02,,
BACKLOG-587,Contact names not showing when attaching texts on Windows,bug,high,Testing,SPRINT-068,Fixed via platform-aware contact lookup in transactionService,-,-,2026-02-02,2026-02-02,
BACKLOG-588,Windows Attachments Not Imported,bug,High,Testing,SPRINT-068,~40K,-,TASK-1788 implemented attachment extraction,2026-02-02,2026-02-02,[BACKLOG-588-windows-attachments-not-imported.md](items/BACKLOG-588-windows-attachments-not-imported.md)
BACKLOG-589,Windows Group Chat Sender Names Missing,bug,High,Testing,SPRINT-068,~20K,-,TASK-1786 - no extra work needed (existing logic works),2026-02-02,2026-02-02,[BACKLOG-589-windows-group-chat-sender-names.md](items/BACKLOG-589-windows-group-chat-sender-names.md)
BACKLOG-590,Windows Auto-Link Text Messages Not Working,bug,High,Testing,SPRINT-068,~25K,-,TASK-1785 - fixed via participants_flat population + migration 27c,2026-02-02,2026-02-02,[BACKLOG-590-windows-auto-link-not-working.md](items/BACKLOG-590-windows-auto-link-not-working.md)
BACKLOG-591,Windows participants_flat Missing Group Members,bug,Medium,Testing,SPRINT-068,~15K,-,TASK-1787 - covered by main participants_flat fix,2026-02-02,2026-02-02,[BACKLOG-591-windows-participants-flat-group-members.md](items/BACKLOG-591-windows-participants-flat-group-members.md)
BACKLOG-592,Windows User Account Login Hardcoded as me,bug,Low,Deferred,,TASK-1789 deferred to future sprint - cosmetic issue,2026-02-02,,[BACKLOG-592-windows-user-account-hardcoded.md](items/BACKLOG-592-windows-user-account-hardcoded.md)
BACKLOG-593,Optimize Attachment File Hashing with Streaming,optimization,Medium,Completed,SPRINT-068,~5K,-,Implemented streaming hash in iPhoneSyncStorageService.ts,2026-02-02,2026-02-02,[BACKLOG-593.md](items/BACKLOG-593.md)
BACKLOG-594,Fix Backup Cleanup on Attachment Persistence Failure,bugfix,Medium,Completed,SPRINT-068,~8K,-,Already implemented in sync-handlers.ts catch block,2026-02-02,2026-02-02,[BACKLOG-594.md](items/BACKLOG-594.md)
BACKLOG-595,Add Idempotency Check to iPhone Contact Migration,optimization,Low,Completed,SPRINT-068,~3K,-,Added check for existing iPhone contacts in external_contacts,2026-02-02,2026-02-02,[BACKLOG-595.md](items/BACKLOG-595.md)
BACKLOG-596,Add Test Coverage for Attachment Extraction,testing,Low,Pending,SPRINT-068,~15K,-,-,2026-02-02,,[BACKLOG-596.md](items/BACKLOG-596.md)
BACKLOG-597,iPhone Sync Progress - Attach to Running Sync,enhancement,High,Pending,,~20K,-,When sync already in progress show progress UI instead of blocking warning. Depends on progress bar service from dynamic import batch work,2026-02-02,,
BACKLOG-598,Add Visible Sync Cancel/Reset Button,ui,Medium,Pending,,~10K,-,Add cancel button during sync and reset option when sync appears stuck. Currently requires DevTools console or app restart,2026-02-02,,
BACKLOG-599,SubmissionSyncService starts before database ready,bug,High,Pending,,~8K,-,Race condition - sync service attempts initial sync before database initialization completes,2026-02-02,,
BACKLOG-600,Message Sort Order Bug - Oldest First Instead of Newest,bug,High,Pending,SPRINT-068,~5K,-,Message preview panel sorts oldest-first - should be newest-first,2026-02-02,,[BACKLOG-600-message-sort-order.md](items/BACKLOG-600-message-sort-order.md)
BACKLOG-601,Audit Period Filter Checkbox Not Working - Invalid Date,bug,High,Pending,SPRINT-068,~10K,-,new Date(auditStartDate) returns Invalid Date causing all comparisons to fail,2026-02-02,,[BACKLOG-601-audit-period-filter.md](items/BACKLOG-601-audit-period-filter.md)
BACKLOG-602,Attachment Skip Diagnostic Logging for iCloud,enhancement,Low,Deferred,-,~5K,-,Add diagnostic logging to confirm iCloud attachment skip reasons - platform limitation not a bug,2026-02-02,,[BACKLOG-602-attachment-skip-logging.md](items/BACKLOG-602-attachment-skip-logging.md)
BACKLOG-603,iCloud Attachment Limitation UX Message,enhancement,Medium,Pending,SPRINT-068,~8K,-,Add info box to sync completion explaining iCloud attachment limitation,2026-02-02,,[BACKLOG-603-icloud-ux-message.md](items/BACKLOG-603-icloud-ux-message.md)
BACKLOG-604,iOS messages missing text when stored in attributedBody field,bug,Medium,Pending,SPRINT-068,~15K,-,Location sharing messages show "[Media not available]" - need to parse attributedBody,2026-02-02,,[BACKLOG-604-ios-attributed-body.md](items/BACKLOG-604-ios-attributed-body.md)
BACKLOG-605,"Group chat with multiple participants shows as 1:1 chat",bug,medium,pending,,,,,2025-02-01,,
BACKLOG-606,Add attachments progress phase to sync status indicator,enhancement,medium,pending,,Sync progress bar resets from 100% to 0% when moving from messages to attachments phase - add separate pill or phase indicator for better UX,2026-02-02,,
BACKLOG-607,Settings Messages Import needs SyncOrchestrator queue awareness,enhancement,low,pending,,MacOSMessagesImportSettings should detect when messages is queued (pending) in the orchestrator queue and show appropriate UI feedback. Currently only shows state when messages is actively running or user-initiated.,2026-02-02,,
BACKLOG-608,OS notifications for sync completion,ux,medium,pending,,"Show native OS notifications when background syncs complete (contacts, emails, messages, iPhone wired sync). Helps users know when data is ready, especially for long-running syncs like iPhone backup import on Windows. Should cover: auto-login sync, manual refresh, wired iPhone sync on PC.",2026-02-02,,
BACKLOG-609,"Add manual Check for Updates button",enhancement,low,pending,,5000,,,2026-02-02,,items/BACKLOG-609.md
BACKLOG-612,Error Logging Service + Supabase Dashboard,infrastructure,Critical,Pending,,~30K,-,"CRITICAL: Add error logging to Supabase for production monitoring. Components: 1) error_logs table (DONE) 2) errorLoggingService that captures errors globally + breadcrumb tracking 3) User feedback prompt submitted with logs 4) Broker Portal dashboard. Captures: device info OS/memory/disk auth state db state sync status navigation history.",2026-02-03,,
BACKLOG-613,Enhanced ErrorScreen with Reset and User Feedback,ui,Critical,In Progress,SPRINT-069,~40K,-,"CRITICAL: Extend ErrorScreen. Add: 1) Retry button 2) User feedback textarea 3) Submit logs to Supabase 4) RESET APP DATA button - clears local storage + keychain then restarts fresh 5) Confirmation dialog 6) Self-healing for corrupted state. Split into TASK-1800 (logging) and TASK-1802 (reset). Depends on BACKLOG-612.",2026-02-03,,
BACKLOG-614,Fix onboarding race condition - needsTermsAcceptance default,bug,Critical,Completed,,~5K,-,"Fix: Change needsTermsAcceptance default from true to false in electron/main.ts. Returning users with terms already accepted in Supabase shouldnt see terms screen again.",2026-02-03,2026-02-03,
BACKLOG-615,Graceful skip for syncs when no local user exists,bug,Critical,Completed,,~8K,-,"Fix: SyncOrchestrator and handlers should gracefully skip (return empty) when getValidUserId returns null instead of erroring. Prevents No valid user found crashes during deferred DB init. PR #737 merged.",2026-02-03,2026-02-03,
BACKLOG-623,Bulk Edit Role Feature for User Management,feature,Medium,In Progress,,~15K,-,"Add bulk role editing: BulkEditRoleModal component, UserTableRow with selection, bulkUpdateRole server action, UserActionsDropdown Edit Role option.",2026-02-06,,items/BACKLOG-623.md
